file,line,type,commit,author,date,time,timezone,datetime,depth,length
..\style.css,1,css,2c53d34,你的名字,2026-05-01,18:00:00,-07:00,2026-05-01T18:00:00-07:00,0,5
..\style.css,2,css,2c53d34,你的名字,2026-05-01,18:00:00,-07:00,2026-05-01T18:00:00-07:00,0,16
..\style.css,3,css,2c53d34,你的名字,2026-05-01,18:00:00,-07:00,2026-05-01T18:00:00-07:00,0,19
..\style.css,4,css,2c53d34,你的名字,2026-05-01,18:00:00,-07:00,2026-05-01T18:00:00-07:00,0,12
..\style.css,5,css,2c53d34,你的名字,2026-05-01,18:00:00,-07:00,2026-05-01T18:00:00-07:00,0,0
..\style.css,6,css,2c53d34,你的名字,2026-05-01,18:00:00,-07:00,2026-05-01T18:00:00-07:00,0,0
..\style.css,7,css,2c53d34,你的名字,2026-05-01,18:00:00,-07:00,2026-05-01T18:00:00-07:00,0,20
..\style.css,8,css,2c53d34,你的名字,2026-05-01,18:00:00,-07:00,2026-05-01T18:00:00-07:00,0,0
..\style.css,9,css,2c53d34,你的名字,2026-05-01,18:00:00,-07:00,2026-05-01T18:00:00-07:00,0,4
..\style.css,10,css,2c53d34,你的名字,2026-05-01,18:00:00,-07:00,2026-05-01T18:00:00-07:00,0,13
..\style.css,11,css,2c53d34,你的名字,2026-05-01,18:00:00,-07:00,2026-05-01T18:00:00-07:00,0,18
..\style.css,12,css,2c53d34,你的名字,2026-05-01,18:00:00,-07:00,2026-05-01T18:00:00-07:00,0,42
..\style.css,13,css,2c53d34,你的名字,2026-05-01,18:00:00,-07:00,2026-05-01T18:00:00-07:00,0,0
..\style.css,14,css,2c53d34,你的名字,2026-05-01,18:00:00,-07:00,2026-05-01T18:00:00-07:00,0,0
..\style.css,15,css,2c53d34,你的名字,2026-05-01,18:00:00,-07:00,2026-05-01T18:00:00-07:00,0,6
..\style.css,16,css,2c53d34,你的名字,2026-05-01,18:00:00,-07:00,2026-05-01T18:00:00-07:00,0,7
..\style.css,17,css,2c53d34,你的名字,2026-05-01,18:00:00,-07:00,2026-05-01T18:00:00-07:00,0,18
..\style.css,18,css,2c53d34,你的名字,2026-05-01,18:00:00,-07:00,2026-05-01T18:00:00-07:00,0,21
..\style.css,19,css,2c53d34,你的名字,2026-05-01,18:00:00,-07:00,2026-05-01T18:00:00-07:00,0,14
..\style.css,20,css,2c53d34,你的名字,2026-05-01,18:00:00,-07:00,2026-05-01T18:00:00-07:00,0,14
..\style.css,21,css,2c53d34,你的名字,2026-05-01,18:00:00,-07:00,2026-05-01T18:00:00-07:00,0,0
..\style.css,22,css,2c53d34,你的名字,2026-05-01,18:00:00,-07:00,2026-05-01T18:00:00-07:00,0,0
..\style.css,23,css,2c53d34,你的名字,2026-05-01,18:00:00,-07:00,2026-05-01T18:00:00-07:00,0,14
..\style.css,24,css,2c53d34,你的名字,2026-05-01,18:00:00,-07:00,2026-05-01T18:00:00-07:00,0,44
..\style.css,25,css,2c53d34,你的名字,2026-05-01,18:00:00,-07:00,2026-05-01T18:00:00-07:00,0,21
..\style.css,26,css,2c53d34,你的名字,2026-05-01,18:00:00,-07:00,2026-05-01T18:00:00-07:00,0,0
..\style.css,27,css,2c53d34,你的名字,2026-05-01,18:00:00,-07:00,2026-05-01T18:00:00-07:00,0,0
..\style.css,28,css,2c53d34,你的名字,2026-05-01,18:00:00,-07:00,2026-05-01T18:00:00-07:00,0,5
..\style.css,29,css,2c53d34,你的名字,2026-05-01,18:00:00,-07:00,2026-05-01T18:00:00-07:00,0,32
..\style.css,30,css,2c53d34,你的名字,2026-05-01,18:00:00,-07:00,2026-05-01T18:00:00-07:00,0,33
..\style.css,31,css,2c53d34,你的名字,2026-05-01,18:00:00,-07:00,2026-05-01T18:00:00-07:00,0,24
..\style.css,32,css,2c53d34,你的名字,2026-05-01,18:00:00,-07:00,2026-05-01T18:00:00-07:00,0,0
..\style.css,33,css,2c53d34,你的名字,2026-05-01,18:00:00,-07:00,2026-05-01T18:00:00-07:00,0,0
..\style.css,34,css,2c53d34,你的名字,2026-05-01,18:00:00,-07:00,2026-05-01T18:00:00-07:00,0,12
..\style.css,35,css,2c53d34,你的名字,2026-05-01,18:00:00,-07:00,2026-05-01T18:00:00-07:00,0,46
..\style.css,36,css,2c53d34,你的名字,2026-05-01,18:00:00,-07:00,2026-05-01T18:00:00-07:00,0,21
..\style.css,37,css,2c53d34,你的名字,2026-05-01,18:00:00,-07:00,2026-05-01T18:00:00-07:00,0,70
..\style.css,38,css,2c53d34,你的名字,2026-05-01,18:00:00,-07:00,2026-05-01T18:00:00-07:00,0,0
..\style.css,39,css,2c53d34,你的名字,2026-05-01,18:00:00,-07:00,2026-05-01T18:00:00-07:00,0,0
..\style.css,40,css,2c53d34,你的名字,2026-05-01,18:00:00,-07:00,2026-05-01T18:00:00-07:00,0,21
..\style.css,41,css,2c53d34,你的名字,2026-05-01,18:00:00,-07:00,2026-05-01T18:00:00-07:00,0,0
..\style.css,42,css,2c53d34,你的名字,2026-05-01,18:00:00,-07:00,2026-05-01T18:00:00-07:00,0,24
..\style.css,43,css,2c53d34,你的名字,2026-05-01,18:00:00,-07:00,2026-05-01T18:00:00-07:00,0,13
..\style.css,44,css,2c53d34,你的名字,2026-05-01,18:00:00,-07:00,2026-05-01T18:00:00-07:00,0,0
..\style.css,45,css,2c53d34,你的名字,2026-05-01,18:00:00,-07:00,2026-05-01T18:00:00-07:00,0,0
..\style.css,46,css,2c53d34,你的名字,2026-05-01,18:00:00,-07:00,2026-05-01T18:00:00-07:00,0,16
..\style.css,47,css,2c53d34,你的名字,2026-05-01,18:00:00,-07:00,2026-05-01T18:00:00-07:00,0,11
..\style.css,48,css,2c53d34,你的名字,2026-05-01,18:00:00,-07:00,2026-05-01T18:00:00-07:00,0,22
..\style.css,49,css,2c53d34,你的名字,2026-05-01,18:00:00,-07:00,2026-05-01T18:00:00-07:00,0,0
..\style.css,50,css,2c53d34,你的名字,2026-05-01,18:00:00,-07:00,2026-05-01T18:00:00-07:00,0,0
..\style.css,51,css,2c53d34,你的名字,2026-05-01,18:00:00,-07:00,2026-05-01T18:00:00-07:00,0,5
..\style.css,52,css,2c53d34,你的名字,2026-05-01,18:00:00,-07:00,2026-05-01T18:00:00-07:00,0,13
..\style.css,53,css,2c53d34,你的名字,2026-05-01,18:00:00,-07:00,2026-05-01T18:00:00-07:00,0,31
..\style.css,54,css,2c53d34,你的名字,2026-05-01,18:00:00,-07:00,2026-05-01T18:00:00-07:00,0,10
..\style.css,55,css,2c53d34,你的名字,2026-05-01,18:00:00,-07:00,2026-05-01T18:00:00-07:00,0,0
..\style.css,56,css,2c53d34,你的名字,2026-05-01,18:00:00,-07:00,2026-05-01T18:00:00-07:00,0,0
..\style.css,57,css,2c53d34,你的名字,2026-05-01,18:00:00,-07:00,2026-05-01T18:00:00-07:00,0,6
..\style.css,58,css,2c53d34,你的名字,2026-05-01,18:00:00,-07:00,2026-05-01T18:00:00-07:00,0,13
..\style.css,59,css,2c53d34,你的名字,2026-05-01,18:00:00,-07:00,2026-05-01T18:00:00-07:00,0,30
..\style.css,60,css,2c53d34,你的名字,2026-05-01,18:00:00,-07:00,2026-05-01T18:00:00-07:00,0,19
..\style.css,61,css,2c53d34,你的名字,2026-05-01,18:00:00,-07:00,2026-05-01T18:00:00-07:00,0,0
..\style.css,62,css,2c53d34,你的名字,2026-05-01,18:00:00,-07:00,2026-05-01T18:00:00-07:00,0,0
..\style.css,63,css,2c53d34,你的名字,2026-05-01,18:00:00,-07:00,2026-05-01T18:00:00-07:00,0,7
..\style.css,64,css,2c53d34,你的名字,2026-05-01,18:00:00,-07:00,2026-05-01T18:00:00-07:00,0,19
..\style.css,65,css,2c53d34,你的名字,2026-05-01,18:00:00,-07:00,2026-05-01T18:00:00-07:00,0,0
..\style.css,66,css,2c53d34,你的名字,2026-05-01,18:00:00,-07:00,2026-05-01T18:00:00-07:00,0,0
..\style.css,67,css,2c53d34,你的名字,2026-05-01,18:00:00,-07:00,2026-05-01T18:00:00-07:00,0,30
..\style.css,68,css,2c53d34,你的名字,2026-05-01,18:00:00,-07:00,2026-05-01T18:00:00-07:00,0,0
..\style.css,69,css,2c53d34,你的名字,2026-05-01,18:00:00,-07:00,2026-05-01T18:00:00-07:00,0,10
..\style.css,70,css,2c53d34,你的名字,2026-05-01,18:00:00,-07:00,2026-05-01T18:00:00-07:00,0,13
..\style.css,71,css,2c53d34,你的名字,2026-05-01,18:00:00,-07:00,2026-05-01T18:00:00-07:00,0,59
..\style.css,72,css,2c53d34,你的名字,2026-05-01,18:00:00,-07:00,2026-05-01T18:00:00-07:00,0,8
..\style.css,73,css,2c53d34,你的名字,2026-05-01,18:00:00,-07:00,2026-05-01T18:00:00-07:00,0,0
..\style.css,74,css,2c53d34,你的名字,2026-05-01,18:00:00,-07:00,2026-05-01T18:00:00-07:00,0,0
..\style.css,75,css,2c53d34,你的名字,2026-05-01,18:00:00,-07:00,2026-05-01T18:00:00-07:00,0,13
..\style.css,76,css,2c53d34,你的名字,2026-05-01,18:00:00,-07:00,2026-05-01T18:00:00-07:00,0,9
..\style.css,77,css,2c53d34,你的名字,2026-05-01,18:00:00,-07:00,2026-05-01T18:00:00-07:00,0,0
..\style.css,78,css,2c53d34,你的名字,2026-05-01,18:00:00,-07:00,2026-05-01T18:00:00-07:00,0,0
..\style.css,79,css,2c53d34,你的名字,2026-05-01,18:00:00,-07:00,2026-05-01T18:00:00-07:00,0,27
..\style.css,80,css,2c53d34,你的名字,2026-05-01,18:00:00,-07:00,2026-05-01T18:00:00-07:00,0,0
..\style.css,81,css,2c53d34,你的名字,2026-05-01,18:00:00,-07:00,2026-05-01T18:00:00-07:00,0,3
..\style.css,82,css,2c53d34,你的名字,2026-05-01,18:00:00,-07:00,2026-05-01T18:00:00-07:00,0,15
..\style.css,83,css,2c53d34,你的名字,2026-05-01,18:00:00,-07:00,2026-05-01T18:00:00-07:00,0,20
..\style.css,84,css,2c53d34,你的名字,2026-05-01,18:00:00,-07:00,2026-05-01T18:00:00-07:00,0,0
..\style.css,85,css,2c53d34,你的名字,2026-05-01,18:00:00,-07:00,2026-05-01T18:00:00-07:00,0,0
..\style.css,86,css,2c53d34,你的名字,2026-05-01,18:00:00,-07:00,2026-05-01T18:00:00-07:00,0,3
..\style.css,87,css,2c53d34,你的名字,2026-05-01,18:00:00,-07:00,2026-05-01T18:00:00-07:00,0,15
..\style.css,88,css,2c53d34,你的名字,2026-05-01,18:00:00,-07:00,2026-05-01T18:00:00-07:00,0,0
..\style.css,89,css,2c53d34,你的名字,2026-05-01,18:00:00,-07:00,2026-05-01T18:00:00-07:00,0,0
..\style.css,90,css,2c53d34,你的名字,2026-05-01,18:00:00,-07:00,2026-05-01T18:00:00-07:00,0,8
..\style.css,91,css,2c53d34,你的名字,2026-05-01,18:00:00,-07:00,2026-05-01T18:00:00-07:00,0,18
..\style.css,92,css,2c53d34,你的名字,2026-05-01,18:00:00,-07:00,2026-05-01T18:00:00-07:00,0,0
..\style.css,93,css,2c53d34,你的名字,2026-05-01,18:00:00,-07:00,2026-05-01T18:00:00-07:00,0,0
..\style.css,94,css,2c53d34,你的名字,2026-05-01,18:00:00,-07:00,2026-05-01T18:00:00-07:00,0,11
..\style.css,95,css,2c53d34,你的名字,2026-05-01,18:00:00,-07:00,2026-05-01T18:00:00-07:00,0,42
..\style.css,96,css,2c53d34,你的名字,2026-05-01,18:00:00,-07:00,2026-05-01T18:00:00-07:00,0,21
..\style.css,97,css,2c53d34,你的名字,2026-05-01,18:00:00,-07:00,2026-05-01T18:00:00-07:00,0,0
..\style.css,98,css,2c53d34,你的名字,2026-05-01,18:00:00,-07:00,2026-05-01T18:00:00-07:00,0,0
..\style.css,99,css,2c53d34,你的名字,2026-05-01,18:00:00,-07:00,2026-05-01T18:00:00-07:00,0,10
..\style.css,100,css,2c53d34,你的名字,2026-05-01,18:00:00,-07:00,2026-05-01T18:00:00-07:00,0,15
..\style.css,101,css,2c53d34,你的名字,2026-05-01,18:00:00,-07:00,2026-05-01T18:00:00-07:00,0,0
..\style.css,102,css,2c53d34,你的名字,2026-05-01,18:00:00,-07:00,2026-05-01T18:00:00-07:00,0,0
..\style.css,103,css,2c53d34,你的名字,2026-05-01,18:00:00,-07:00,2026-05-01T18:00:00-07:00,0,23
..\style.css,104,css,2c53d34,你的名字,2026-05-01,18:00:00,-07:00,2026-05-01T18:00:00-07:00,0,0
..\style.css,105,css,2c53d34,你的名字,2026-05-01,18:00:00,-07:00,2026-05-01T18:00:00-07:00,0,4
..\style.css,106,css,2c53d34,你的名字,2026-05-01,18:00:00,-07:00,2026-05-01T18:00:00-07:00,0,15
..\style.css,107,css,2c53d34,你的名字,2026-05-01,18:00:00,-07:00,2026-05-01T18:00:00-07:00,0,12
..\style.css,108,css,2c53d34,你的名字,2026-05-01,18:00:00,-07:00,2026-05-01T18:00:00-07:00,0,14
..\style.css,109,css,2c53d34,你的名字,2026-05-01,18:00:00,-07:00,2026-05-01T18:00:00-07:00,0,0
..\style.css,110,css,2c53d34,你的名字,2026-05-01,18:00:00,-07:00,2026-05-01T18:00:00-07:00,0,0
..\style.css,111,css,2c53d34,你的名字,2026-05-01,18:00:00,-07:00,2026-05-01T18:00:00-07:00,0,29
..\style.css,112,css,2c53d34,你的名字,2026-05-01,18:00:00,-07:00,2026-05-01T18:00:00-07:00,0,0
..\style.css,113,css,2c53d34,你的名字,2026-05-01,18:00:00,-07:00,2026-05-01T18:00:00-07:00,0,14
..\style.css,114,css,2c53d34,你的名字,2026-05-01,18:00:00,-07:00,2026-05-01T18:00:00-07:00,0,18
..\style.css,115,css,00000000,Not Committed Yet,2026-05-22,20:58:01,-07:00,2026-05-22T20:58:01-07:00,0,9
..\style.css,116,css,2c53d34,你的名字,2026-05-01,18:00:00,-07:00,2026-05-01T18:00:00-07:00,0,11
..\style.css,117,css,2c53d34,你的名字,2026-05-01,18:00:00,-07:00,2026-05-01T18:00:00-07:00,0,14
..\style.css,118,css,2c53d34,你的名字,2026-05-01,18:00:00,-07:00,2026-05-01T18:00:00-07:00,0,0
..\style.css,119,css,2c53d34,你的名字,2026-05-01,18:00:00,-07:00,2026-05-01T18:00:00-07:00,0,0
..\style.css,120,css,2c53d34,你的名字,2026-05-01,18:00:00,-07:00,2026-05-01T18:00:00-07:00,0,21
..\style.css,121,css,2c53d34,你的名字,2026-05-01,18:00:00,-07:00,2026-05-01T18:00:00-07:00,0,13
..\style.css,122,css,2c53d34,你的名字,2026-05-01,18:00:00,-07:00,2026-05-01T18:00:00-07:00,0,0
..\style.css,123,css,2c53d34,你的名字,2026-05-01,18:00:00,-07:00,2026-05-01T18:00:00-07:00,0,0
..\style.css,124,css,2c53d34,你的名字,2026-05-01,18:00:00,-07:00,2026-05-01T18:00:00-07:00,0,30
..\style.css,125,css,2c53d34,你的名字,2026-05-01,18:00:00,-07:00,2026-05-01T18:00:00-07:00,0,0
..\style.css,126,css,2c53d34,你的名字,2026-05-01,18:00:00,-07:00,2026-05-01T18:00:00-07:00,0,8
..\style.css,127,css,2c53d34,你的名字,2026-05-01,18:00:00,-07:00,2026-05-01T18:00:00-07:00,0,13
..\style.css,128,css,2c53d34,你的名字,2026-05-01,18:00:00,-07:00,2026-05-01T18:00:00-07:00,0,22
..\style.css,129,css,2c53d34,你的名字,2026-05-01,18:00:00,-07:00,2026-05-01T18:00:00-07:00,0,10
..\style.css,130,css,2c53d34,你的名字,2026-05-01,18:00:00,-07:00,2026-05-01T18:00:00-07:00,0,0
..\style.css,131,css,2c53d34,你的名字,2026-05-01,18:00:00,-07:00,2026-05-01T18:00:00-07:00,0,0
..\style.css,132,css,2c53d34,你的名字,2026-05-01,18:00:00,-07:00,2026-05-01T18:00:00-07:00,0,14
..\style.css,133,css,2c53d34,你的名字,2026-05-01,18:00:00,-07:00,2026-05-01T18:00:00-07:00,0,11
..\style.css,134,css,2c53d34,你的名字,2026-05-01,18:00:00,-07:00,2026-05-01T18:00:00-07:00,0,16
..\style.css,135,css,2c53d34,你的名字,2026-05-01,18:00:00,-07:00,2026-05-01T18:00:00-07:00,0,9
..\style.css,136,css,2c53d34,你的名字,2026-05-01,18:00:00,-07:00,2026-05-01T18:00:00-07:00,0,0
..\style.css,137,css,2c53d34,你的名字,2026-05-01,18:00:00,-07:00,2026-05-01T18:00:00-07:00,0,0
..\style.css,138,css,2c53d34,你的名字,2026-05-01,18:00:00,-07:00,2026-05-01T18:00:00-07:00,0,14
..\style.css,139,css,2c53d34,你的名字,2026-05-01,18:00:00,-07:00,2026-05-01T18:00:00-07:00,0,9
..\style.css,140,css,2c53d34,你的名字,2026-05-01,18:00:00,-07:00,2026-05-01T18:00:00-07:00,0,16
..\style.css,141,css,2c53d34,你的名字,2026-05-01,18:00:00,-07:00,2026-05-01T18:00:00-07:00,0,0
..\style.css,142,css,2c53d34,你的名字,2026-05-01,18:00:00,-07:00,2026-05-01T18:00:00-07:00,0,0
..\style.css,143,css,2c53d34,你的名字,2026-05-01,18:00:00,-07:00,2026-05-01T18:00:00-07:00,0,29
..\style.css,144,css,2c53d34,你的名字,2026-05-01,18:00:00,-07:00,2026-05-01T18:00:00-07:00,0,0
..\style.css,145,css,2c53d34,你的名字,2026-05-01,18:00:00,-07:00,2026-05-01T18:00:00-07:00,0,17
..\style.css,146,css,2c53d34,你的名字,2026-05-01,18:00:00,-07:00,2026-05-01T18:00:00-07:00,0,13
..\style.css,147,css,2c53d34,你的名字,2026-05-01,18:00:00,-07:00,2026-05-01T18:00:00-07:00,0,19
..\style.css,148,css,2c53d34,你的名字,2026-05-01,18:00:00,-07:00,2026-05-01T18:00:00-07:00,0,8
..\style.css,149,css,2c53d34,你的名字,2026-05-01,18:00:00,-07:00,2026-05-01T18:00:00-07:00,0,19
..\style.css,150,css,2c53d34,你的名字,2026-05-01,18:00:00,-07:00,2026-05-01T18:00:00-07:00,0,0
..\style.css,151,css,2c53d34,你的名字,2026-05-01,18:00:00,-07:00,2026-05-01T18:00:00-07:00,0,0
..\style.css,152,css,2c53d34,你的名字,2026-05-01,18:00:00,-07:00,2026-05-01T18:00:00-07:00,0,19
..\style.css,153,css,2c53d34,你的名字,2026-05-01,18:00:00,-07:00,2026-05-01T18:00:00-07:00,0,11
..\style.css,154,css,2c53d34,你的名字,2026-05-01,18:00:00,-07:00,2026-05-01T18:00:00-07:00,0,12
..\style.css,155,css,2c53d34,你的名字,2026-05-01,18:00:00,-07:00,2026-05-01T18:00:00-07:00,0,14
..\style.css,156,css,2c53d34,你的名字,2026-05-01,18:00:00,-07:00,2026-05-01T18:00:00-07:00,0,17
..\style.css,157,css,2c53d34,你的名字,2026-05-01,18:00:00,-07:00,2026-05-01T18:00:00-07:00,0,0
..\style.css,158,css,2c53d34,你的名字,2026-05-01,18:00:00,-07:00,2026-05-01T18:00:00-07:00,0,0
..\style.css,159,css,2c53d34,你的名字,2026-05-01,18:00:00,-07:00,2026-05-01T18:00:00-07:00,0,23
..\style.css,160,css,2c53d34,你的名字,2026-05-01,18:00:00,-07:00,2026-05-01T18:00:00-07:00,0,0
..\style.css,161,css,2c53d34,你的名字,2026-05-01,18:00:00,-07:00,2026-05-01T18:00:00-07:00,0,8
..\style.css,162,css,2c53d34,你的名字,2026-05-01,18:00:00,-07:00,2026-05-01T18:00:00-07:00,0,7
..\style.css,163,css,2c53d34,你的名字,2026-05-01,18:00:00,-07:00,2026-05-01T18:00:00-07:00,0,13
..\style.css,164,css,2c53d34,你的名字,2026-05-01,18:00:00,-07:00,2026-05-01T18:00:00-07:00,0,58
..\style.css,165,css,2c53d34,你的名字,2026-05-01,18:00:00,-07:00,2026-05-01T18:00:00-07:00,0,8
..\style.css,166,css,2c53d34,你的名字,2026-05-01,18:00:00,-07:00,2026-05-01T18:00:00-07:00,0,35
..\style.css,167,css,2c53d34,你的名字,2026-05-01,18:00:00,-07:00,2026-05-01T18:00:00-07:00,0,12
..\style.css,168,css,2c53d34,你的名字,2026-05-01,18:00:00,-07:00,2026-05-01T18:00:00-07:00,0,9
..\style.css,169,css,2c53d34,你的名字,2026-05-01,18:00:00,-07:00,2026-05-01T18:00:00-07:00,0,0
..\style.css,170,css,2c53d34,你的名字,2026-05-01,18:00:00,-07:00,2026-05-01T18:00:00-07:00,0,0
..\style.css,171,css,2c53d34,你的名字,2026-05-01,18:00:00,-07:00,2026-05-01T18:00:00-07:00,0,11
..\style.css,172,css,2c53d34,你的名字,2026-05-01,18:00:00,-07:00,2026-05-01T18:00:00-07:00,0,13
..\style.css,173,css,2c53d34,你的名字,2026-05-01,18:00:00,-07:00,2026-05-01T18:00:00-07:00,0,19
..\style.css,174,css,2c53d34,你的名字,2026-05-01,18:00:00,-07:00,2026-05-01T18:00:00-07:00,0,10
..\style.css,175,css,2c53d34,你的名字,2026-05-01,18:00:00,-07:00,2026-05-01T18:00:00-07:00,0,16
..\style.css,176,css,2c53d34,你的名字,2026-05-01,18:00:00,-07:00,2026-05-01T18:00:00-07:00,0,15
..\style.css,177,css,2c53d34,你的名字,2026-05-01,18:00:00,-07:00,2026-05-01T18:00:00-07:00,0,0
..\style.css,178,css,2c53d34,你的名字,2026-05-01,18:00:00,-07:00,2026-05-01T18:00:00-07:00,0,0
..\style.css,179,css,2c53d34,你的名字,2026-05-01,18:00:00,-07:00,2026-05-01T18:00:00-07:00,0,8
..\style.css,180,css,2c53d34,你的名字,2026-05-01,18:00:00,-07:00,2026-05-01T18:00:00-07:00,0,12
..\style.css,181,css,2c53d34,你的名字,2026-05-01,18:00:00,-07:00,2026-05-01T18:00:00-07:00,0,13
..\style.css,182,css,2c53d34,你的名字,2026-05-01,18:00:00,-07:00,2026-05-01T18:00:00-07:00,0,24
..\style.css,183,css,2c53d34,你的名字,2026-05-01,18:00:00,-07:00,2026-05-01T18:00:00-07:00,0,18
..\style.css,184,css,2c53d34,你的名字,2026-05-01,18:00:00,-07:00,2026-05-01T18:00:00-07:00,0,21
..\style.css,185,css,2c53d34,你的名字,2026-05-01,18:00:00,-07:00,2026-05-01T18:00:00-07:00,0,0
..\style.css,186,css,2c53d34,你的名字,2026-05-01,18:00:00,-07:00,2026-05-01T18:00:00-07:00,0,0
..\style.css,187,css,2c53d34,你的名字,2026-05-01,18:00:00,-07:00,2026-05-01T18:00:00-07:00,0,23
..\style.css,188,css,2c53d34,你的名字,2026-05-01,18:00:00,-07:00,2026-05-01T18:00:00-07:00,0,0
..\style.css,189,css,2c53d34,你的名字,2026-05-01,18:00:00,-07:00,2026-05-01T18:00:00-07:00,0,11
..\style.css,190,css,2c53d34,你的名字,2026-05-01,18:00:00,-07:00,2026-05-01T18:00:00-07:00,0,15
..\style.css,191,css,2c53d34,你的名字,2026-05-01,18:00:00,-07:00,2026-05-01T18:00:00-07:00,0,15
..\style.css,192,css,2c53d34,你的名字,2026-05-01,18:00:00,-07:00,2026-05-01T18:00:00-07:00,0,14
..\style.css,193,css,2c53d34,你的名字,2026-05-01,18:00:00,-07:00,2026-05-01T18:00:00-07:00,0,14
..\style.css,194,css,2c53d34,你的名字,2026-05-01,18:00:00,-07:00,2026-05-01T18:00:00-07:00,0,0
..\style.css,195,css,2c53d34,你的名字,2026-05-01,18:00:00,-07:00,2026-05-01T18:00:00-07:00,0,0
..\style.css,196,css,2c53d34,你的名字,2026-05-01,18:00:00,-07:00,2026-05-01T18:00:00-07:00,0,31
..\style.css,197,css,2c53d34,你的名字,2026-05-01,18:00:00,-07:00,2026-05-01T18:00:00-07:00,0,0
..\style.css,198,css,2c53d34,你的名字,2026-05-01,18:00:00,-07:00,2026-05-01T18:00:00-07:00,0,24
..\style.css,199,css,2c53d34,你的名字,2026-05-01,18:00:00,-07:00,2026-05-01T18:00:00-07:00,0,15
..\style.css,200,css,2c53d34,你的名字,2026-05-01,18:00:00,-07:00,2026-05-01T18:00:00-07:00,0,17
..\style.css,201,css,2c53d34,你的名字,2026-05-01,18:00:00,-07:00,2026-05-01T18:00:00-07:00,0,0
..\style.css,202,css,2c53d34,你的名字,2026-05-01,18:00:00,-07:00,2026-05-01T18:00:00-07:00,0,0
..\style.css,203,css,2c53d34,你的名字,2026-05-01,18:00:00,-07:00,2026-05-01T18:00:00-07:00,0,17
..\style.css,204,css,2c53d34,你的名字,2026-05-01,18:00:00,-07:00,2026-05-01T18:00:00-07:00,0,52
..\style.css,205,css,2c53d34,你的名字,2026-05-01,18:00:00,-07:00,2026-05-01T18:00:00-07:00,0,12
..\style.css,206,css,2c53d34,你的名字,2026-05-01,18:00:00,-07:00,2026-05-01T18:00:00-07:00,0,0
..\style.css,207,css,2c53d34,你的名字,2026-05-01,18:00:00,-07:00,2026-05-01T18:00:00-07:00,0,0
..\style.css,208,css,2c53d34,你的名字,2026-05-01,18:00:00,-07:00,2026-05-01T18:00:00-07:00,0,10
..\style.css,209,css,2c53d34,你的名字,2026-05-01,18:00:00,-07:00,2026-05-01T18:00:00-07:00,0,30
..\style.css,210,css,2c53d34,你的名字,2026-05-01,18:00:00,-07:00,2026-05-01T18:00:00-07:00,0,24
..\style.css,211,css,2c53d34,你的名字,2026-05-01,18:00:00,-07:00,2026-05-01T18:00:00-07:00,0,0
..\style.css,212,css,2c53d34,你的名字,2026-05-01,18:00:00,-07:00,2026-05-01T18:00:00-07:00,0,0
..\style.css,213,css,2c53d34,你的名字,2026-05-01,18:00:00,-07:00,2026-05-01T18:00:00-07:00,0,11
..\style.css,214,css,2c53d34,你的名字,2026-05-01,18:00:00,-07:00,2026-05-01T18:00:00-07:00,0,58
..\style.css,215,css,2c53d34,你的名字,2026-05-01,18:00:00,-07:00,2026-05-01T18:00:00-07:00,0,12
..\style.css,216,css,2c53d34,你的名字,2026-05-01,18:00:00,-07:00,2026-05-01T18:00:00-07:00,0,0
..\style.css,217,css,2c53d34,你的名字,2026-05-01,18:00:00,-07:00,2026-05-01T18:00:00-07:00,0,0
..\style.css,218,css,2c53d34,你的名字,2026-05-01,18:00:00,-07:00,2026-05-01T18:00:00-07:00,0,10
..\style.css,219,css,2c53d34,你的名字,2026-05-01,18:00:00,-07:00,2026-05-01T18:00:00-07:00,0,33
..\style.css,220,css,2c53d34,你的名字,2026-05-01,18:00:00,-07:00,2026-05-01T18:00:00-07:00,0,22
..\style.css,221,css,2c53d34,你的名字,2026-05-01,18:00:00,-07:00,2026-05-01T18:00:00-07:00,0,0
..\style.css,222,css,2c53d34,你的名字,2026-05-01,18:00:00,-07:00,2026-05-01T18:00:00-07:00,0,0
..\style.css,223,css,2c53d34,你的名字,2026-05-01,18:00:00,-07:00,2026-05-01T18:00:00-07:00,0,12
..\style.css,224,css,2c53d34,你的名字,2026-05-01,18:00:00,-07:00,2026-05-01T18:00:00-07:00,0,28
..\style.css,225,css,2c53d34,你的名字,2026-05-01,18:00:00,-07:00,2026-05-01T18:00:00-07:00,0,28
..\style.css,226,css,2c53d34,你的名字,2026-05-01,18:00:00,-07:00,2026-05-01T18:00:00-07:00,0,0
..\style.css,227,css,2c53d34,你的名字,2026-05-01,18:00:00,-07:00,2026-05-01T18:00:00-07:00,0,0
..\style.css,228,css,2c53d34,你的名字,2026-05-01,18:00:00,-07:00,2026-05-01T18:00:00-07:00,0,20
..\style.css,229,css,2c53d34,你的名字,2026-05-01,18:00:00,-07:00,2026-05-01T18:00:00-07:00,0,17
..\style.css,230,css,2c53d34,你的名字,2026-05-01,18:00:00,-07:00,2026-05-01T18:00:00-07:00,0,0
..\style.css,231,css,2c53d34,你的名字,2026-05-01,18:00:00,-07:00,2026-05-01T18:00:00-07:00,0,0
..\style.css,232,css,2c53d34,你的名字,2026-05-01,18:00:00,-07:00,2026-05-01T18:00:00-07:00,0,7
..\style.css,233,css,2c53d34,你的名字,2026-05-01,18:00:00,-07:00,2026-05-01T18:00:00-07:00,0,13
..\style.css,234,css,2c53d34,你的名字,2026-05-01,18:00:00,-07:00,2026-05-01T18:00:00-07:00,0,37
..\style.css,235,css,2c53d34,你的名字,2026-05-01,18:00:00,-07:00,2026-05-01T18:00:00-07:00,0,8
..\style.css,236,css,2c53d34,你的名字,2026-05-01,18:00:00,-07:00,2026-05-01T18:00:00-07:00,0,17
..\style.css,237,css,2c53d34,你的名字,2026-05-01,18:00:00,-07:00,2026-05-01T18:00:00-07:00,0,0
..\style.css,238,css,2c53d34,你的名字,2026-05-01,18:00:00,-07:00,2026-05-01T18:00:00-07:00,0,0
..\style.css,239,css,2c53d34,你的名字,2026-05-01,18:00:00,-07:00,2026-05-01T18:00:00-07:00,0,10
..\style.css,240,css,2c53d34,你的名字,2026-05-01,18:00:00,-07:00,2026-05-01T18:00:00-07:00,0,11
..\style.css,241,css,2c53d34,你的名字,2026-05-01,18:00:00,-07:00,2026-05-01T18:00:00-07:00,0,17
..\style.css,242,css,2c53d34,你的名字,2026-05-01,18:00:00,-07:00,2026-05-01T18:00:00-07:00,0,0
..\style.css,243,css,2c53d34,你的名字,2026-05-01,18:00:00,-07:00,2026-05-01T18:00:00-07:00,0,0
..\style.css,244,css,2c53d34,你的名字,2026-05-01,18:00:00,-07:00,2026-05-01T18:00:00-07:00,0,10
..\style.css,245,css,2c53d34,你的名字,2026-05-01,18:00:00,-07:00,2026-05-01T18:00:00-07:00,0,9
..\style.css,246,css,2c53d34,你的名字,2026-05-01,18:00:00,-07:00,2026-05-01T18:00:00-07:00,0,16
..\style.css,247,css,2c53d34,你的名字,2026-05-01,18:00:00,-07:00,2026-05-01T18:00:00-07:00,0,0
..\style.css,248,css,2c53d34,你的名字,2026-05-01,18:00:00,-07:00,2026-05-01T18:00:00-07:00,0,0
..\style.css,249,css,2c53d34,你的名字,2026-05-01,18:00:00,-07:00,2026-05-01T18:00:00-07:00,0,16
..\style.css,250,css,2c53d34,你的名字,2026-05-01,18:00:00,-07:00,2026-05-01T18:00:00-07:00,0,12
..\style.css,251,css,2c53d34,你的名字,2026-05-01,18:00:00,-07:00,2026-05-01T18:00:00-07:00,0,19
..\style.css,252,css,2c53d34,你的名字,2026-05-01,18:00:00,-07:00,2026-05-01T18:00:00-07:00,0,0
..\style.css,253,css,2c53d34,你的名字,2026-05-01,18:00:00,-07:00,2026-05-01T18:00:00-07:00,0,0
..\style.css,254,css,2c53d34,你的名字,2026-05-01,18:00:00,-07:00,2026-05-01T18:00:00-07:00,0,16
..\style.css,255,css,2c53d34,你的名字,2026-05-01,18:00:00,-07:00,2026-05-01T18:00:00-07:00,0,13
..\style.css,256,css,2c53d34,你的名字,2026-05-01,18:00:00,-07:00,2026-05-01T18:00:00-07:00,0,0
..\style.css,257,css,2c53d34,你的名字,2026-05-01,18:00:00,-07:00,2026-05-01T18:00:00-07:00,0,0
..\style.css,258,css,2c53d34,你的名字,2026-05-01,18:00:00,-07:00,2026-05-01T18:00:00-07:00,0,0
..\style.css,259,css,2c53d34,你的名字,2026-05-01,18:00:00,-07:00,2026-05-01T18:00:00-07:00,0,8
..\style.css,260,css,2c53d34,你的名字,2026-05-01,18:00:00,-07:00,2026-05-01T18:00:00-07:00,0,12
..\style.css,261,css,2c53d34,你的名字,2026-05-01,18:00:00,-07:00,2026-05-01T18:00:00-07:00,0,13
..\style.css,262,css,2c53d34,你的名字,2026-05-01,18:00:00,-07:00,2026-05-01T18:00:00-07:00,0,31
..\style.css,263,css,2c53d34,你的名字,2026-05-01,18:00:00,-07:00,2026-05-01T18:00:00-07:00,0,10
..\style.css,264,css,2c53d34,你的名字,2026-05-01,18:00:00,-07:00,2026-05-01T18:00:00-07:00,0,0
..\style.css,265,css,2c53d34,你的名字,2026-05-01,18:00:00,-07:00,2026-05-01T18:00:00-07:00,0,9
..\style.css,266,css,2c53d34,你的名字,2026-05-01,18:00:00,-07:00,2026-05-01T18:00:00-07:00,0,12
..\style.css,267,css,2c53d34,你的名字,2026-05-01,18:00:00,-07:00,2026-05-01T18:00:00-07:00,0,0
..\style.css,268,css,2c53d34,你的名字,2026-05-01,18:00:00,-07:00,2026-05-01T18:00:00-07:00,0,17
..\style.css,269,css,2c53d34,你的名字,2026-05-01,18:00:00,-07:00,2026-05-01T18:00:00-07:00,0,0
..\style.css,270,css,2c53d34,你的名字,2026-05-01,18:00:00,-07:00,2026-05-01T18:00:00-07:00,0,20
..\style.css,271,css,2c53d34,你的名字,2026-05-01,18:00:00,-07:00,2026-05-01T18:00:00-07:00,0,0
..\style.css,272,css,2c53d34,你的名字,2026-05-01,18:00:00,-07:00,2026-05-01T18:00:00-07:00,0,39
..\style.css,273,css,2c53d34,你的名字,2026-05-01,18:00:00,-07:00,2026-05-01T18:00:00-07:00,0,0
..\style.css,274,css,64b8ea12,你的名字,2026-05-06,11:20:00,-07:00,2026-05-06T11:20:00-07:00,0,26
..\style.css,275,css,2c53d34,你的名字,2026-05-01,18:00:00,-07:00,2026-05-01T18:00:00-07:00,0,40
..\style.css,276,css,2c53d34,你的名字,2026-05-01,18:00:00,-07:00,2026-05-01T18:00:00-07:00,0,0
..\style.css,277,css,2c53d34,你的名字,2026-05-01,18:00:00,-07:00,2026-05-01T18:00:00-07:00,0,0
..\style.css,278,css,2c53d34,你的名字,2026-05-01,18:00:00,-07:00,2026-05-01T18:00:00-07:00,0,11
..\style.css,279,css,2c53d34,你的名字,2026-05-01,18:00:00,-07:00,2026-05-01T18:00:00-07:00,0,17
..\style.css,280,css,2c53d34,你的名字,2026-05-01,18:00:00,-07:00,2026-05-01T18:00:00-07:00,0,0
..\style.css,281,css,2c53d34,你的名字,2026-05-01,18:00:00,-07:00,2026-05-01T18:00:00-07:00,0,0
..\style.css,282,css,2c53d34,你的名字,2026-05-01,18:00:00,-07:00,2026-05-01T18:00:00-07:00,0,11
..\style.css,283,css,2c53d34,你的名字,2026-05-01,18:00:00,-07:00,2026-05-01T18:00:00-07:00,0,9
..\style.css,284,css,2c53d34,你的名字,2026-05-01,18:00:00,-07:00,2026-05-01T18:00:00-07:00,0,0
..\style.css,285,css,2c53d34,你的名字,2026-05-01,18:00:00,-07:00,2026-05-01T18:00:00-07:00,0,0
..\style.css,286,css,2c53d34,你的名字,2026-05-01,18:00:00,-07:00,2026-05-01T18:00:00-07:00,0,9
..\style.css,287,css,2c53d34,你的名字,2026-05-01,18:00:00,-07:00,2026-05-01T18:00:00-07:00,0,15
..\style.css,288,css,2c53d34,你的名字,2026-05-01,18:00:00,-07:00,2026-05-01T18:00:00-07:00,0,0
..\style.css,289,css,2c53d34,你的名字,2026-05-01,18:00:00,-07:00,2026-05-01T18:00:00-07:00,0,8
..\style.css,290,css,2c53d34,你的名字,2026-05-01,18:00:00,-07:00,2026-05-01T18:00:00-07:00,0,9
..\style.css,291,css,2c53d34,你的名字,2026-05-01,18:00:00,-07:00,2026-05-01T18:00:00-07:00,0,0
..\style.css,292,css,2c53d34,你的名字,2026-05-01,18:00:00,-07:00,2026-05-01T18:00:00-07:00,0,13
..\style.css,293,css,2c53d34,你的名字,2026-05-01,18:00:00,-07:00,2026-05-01T18:00:00-07:00,0,0
..\style.css,294,css,2c53d34,你的名字,2026-05-01,18:00:00,-07:00,2026-05-01T18:00:00-07:00,0,0
..\style.css,295,css,2c53d34,你的名字,2026-05-01,18:00:00,-07:00,2026-05-01T18:00:00-07:00,0,43
..\style.css,296,css,2c53d34,你的名字,2026-05-01,18:00:00,-07:00,2026-05-01T18:00:00-07:00,0,10
..\style.css,297,css,2c53d34,你的名字,2026-05-01,18:00:00,-07:00,2026-05-01T18:00:00-07:00,0,18
..\style.css,298,css,2c53d34,你的名字,2026-05-01,18:00:00,-07:00,2026-05-01T18:00:00-07:00,0,0
..\style.css,299,css,2c53d34,你的名字,2026-05-01,18:00:00,-07:00,2026-05-01T18:00:00-07:00,0,0
..\style.css,300,css,2c53d34,你的名字,2026-05-01,18:00:00,-07:00,2026-05-01T18:00:00-07:00,0,7
..\style.css,301,css,2c53d34,你的名字,2026-05-01,18:00:00,-07:00,2026-05-01T18:00:00-07:00,0,17
..\style.css,302,css,2c53d34,你的名字,2026-05-01,18:00:00,-07:00,2026-05-01T18:00:00-07:00,0,0
..\style.css,303,css,2c53d34,你的名字,2026-05-01,18:00:00,-07:00,2026-05-01T18:00:00-07:00,0,24
..\style.css,304,css,2c53d34,你的名字,2026-05-01,18:00:00,-07:00,2026-05-01T18:00:00-07:00,0,23
..\style.css,305,css,2c53d34,你的名字,2026-05-01,18:00:00,-07:00,2026-05-01T18:00:00-07:00,0,0
..\style.css,306,css,2c53d34,你的名字,2026-05-01,18:00:00,-07:00,2026-05-01T18:00:00-07:00,0,0
..\style.css,307,css,2c53d34,你的名字,2026-05-01,18:00:00,-07:00,2026-05-01T18:00:00-07:00,0,16
..\style.css,308,css,2c53d34,你的名字,2026-05-01,18:00:00,-07:00,2026-05-01T18:00:00-07:00,0,7
..\style.css,309,css,2c53d34,你的名字,2026-05-01,18:00:00,-07:00,2026-05-01T18:00:00-07:00,0,4
..\style.css,310,css,2c53d34,你的名字,2026-05-01,18:00:00,-07:00,2026-05-01T18:00:00-07:00,0,0
..\style.css,311,css,2c53d34,你的名字,2026-05-01,18:00:00,-07:00,2026-05-01T18:00:00-07:00,0,0
..\style.css,312,css,2c53d34,你的名字,2026-05-01,18:00:00,-07:00,2026-05-01T18:00:00-07:00,0,0
..\style.css,313,css,2c53d34,你的名字,2026-05-01,18:00:00,-07:00,2026-05-01T18:00:00-07:00,0,13
..\style.css,314,css,2c53d34,你的名字,2026-05-01,18:00:00,-07:00,2026-05-01T18:00:00-07:00,0,21
..\style.css,315,css,2c53d34,你的名字,2026-05-01,18:00:00,-07:00,2026-05-01T18:00:00-07:00,0,0
..\style.css,316,css,2c53d34,你的名字,2026-05-01,18:00:00,-07:00,2026-05-01T18:00:00-07:00,0,0
..\style.css,317,css,2c53d34,你的名字,2026-05-01,18:00:00,-07:00,2026-05-01T18:00:00-07:00,0,0
..\style.css,318,css,2c53d34,你的名字,2026-05-01,18:00:00,-07:00,2026-05-01T18:00:00-07:00,0,5
..\style.css,319,css,2c53d34,你的名字,2026-05-01,18:00:00,-07:00,2026-05-01T18:00:00-07:00,0,16
..\style.css,320,css,2c53d34,你的名字,2026-05-01,18:00:00,-07:00,2026-05-01T18:00:00-07:00,0,0
..\style.css,321,css,2c53d34,你的名字,2026-05-01,18:00:00,-07:00,2026-05-01T18:00:00-07:00,0,0
..\style.css,322,css,2c53d34,你的名字,2026-05-01,18:00:00,-07:00,2026-05-01T18:00:00-07:00,0,3
..\style.css,323,css,2c53d34,你的名字,2026-05-01,18:00:00,-07:00,2026-05-01T18:00:00-07:00,0,22
..\style.css,324,css,2c53d34,你的名字,2026-05-01,18:00:00,-07:00,2026-05-01T18:00:00-07:00,0,0
..\style.css,325,css,2c53d34,你的名字,2026-05-01,18:00:00,-07:00,2026-05-01T18:00:00-07:00,0,0
..\style.css,326,css,2c53d34,你的名字,2026-05-01,18:00:00,-07:00,2026-05-01T18:00:00-07:00,0,4
..\style.css,327,css,2c53d34,你的名字,2026-05-01,18:00:00,-07:00,2026-05-01T18:00:00-07:00,0,15
..\style.css,328,css,2c53d34,你的名字,2026-05-01,18:00:00,-07:00,2026-05-01T18:00:00-07:00,0,0
..\style.css,329,css,2c53d34,你的名字,2026-05-01,18:00:00,-07:00,2026-05-01T18:00:00-07:00,0,0
..\style.css,330,css,2c53d34,你的名字,2026-05-01,18:00:00,-07:00,2026-05-01T18:00:00-07:00,0,20
..\style.css,331,css,2c53d34,你的名字,2026-05-01,18:00:00,-07:00,2026-05-01T18:00:00-07:00,0,0
..\style.css,332,css,2c53d34,你的名字,2026-05-01,18:00:00,-07:00,2026-05-01T18:00:00-07:00,0,13
..\style.css,333,css,2c53d34,你的名字,2026-05-01,18:00:00,-07:00,2026-05-01T18:00:00-07:00,0,0
..\style.css,334,css,2c53d34,你的名字,2026-05-01,18:00:00,-07:00,2026-05-01T18:00:00-07:00,0,21
..\style.css,335,css,2c53d34,你的名字,2026-05-01,18:00:00,-07:00,2026-05-01T18:00:00-07:00,0,14
..\style.css,336,css,2c53d34,你的名字,2026-05-01,18:00:00,-07:00,2026-05-01T18:00:00-07:00,0,0
..\style.css,337,css,2c53d34,你的名字,2026-05-01,18:00:00,-07:00,2026-05-01T18:00:00-07:00,0,18
..\style.css,338,css,2c53d34,你的名字,2026-05-01,18:00:00,-07:00,2026-05-01T18:00:00-07:00,0,0
..\style.css,339,css,612299af,你的名字,2026-05-05,21:00:00,-07:00,2026-05-05T21:00:00-07:00,0,17
..\style.css,340,css,2c53d34,你的名字,2026-05-01,18:00:00,-07:00,2026-05-01T18:00:00-07:00,0,0
..\style.css,341,css,2c53d34,你的名字,2026-05-01,18:00:00,-07:00,2026-05-01T18:00:00-07:00,0,0
..\style.css,342,css,2c53d34,你的名字,2026-05-01,18:00:00,-07:00,2026-05-01T18:00:00-07:00,0,23
..\style.css,343,css,2c53d34,你的名字,2026-05-01,18:00:00,-07:00,2026-05-01T18:00:00-07:00,0,0
..\style.css,344,css,2c53d34,你的名字,2026-05-01,18:00:00,-07:00,2026-05-01T18:00:00-07:00,0,11
..\style.css,345,css,2c53d34,你的名字,2026-05-01,18:00:00,-07:00,2026-05-01T18:00:00-07:00,0,0
..\style.css,346,css,2c53d34,你的名字,2026-05-01,18:00:00,-07:00,2026-05-01T18:00:00-07:00,0,17
..\style.css,347,css,2c53d34,你的名字,2026-05-01,18:00:00,-07:00,2026-05-01T18:00:00-07:00,0,0
..\style.css,348,css,2c53d34,你的名字,2026-05-01,18:00:00,-07:00,2026-05-01T18:00:00-07:00,0,0
..\style.css,349,css,2c53d34,你的名字,2026-05-01,18:00:00,-07:00,2026-05-01T18:00:00-07:00,0,23
..\style.css,350,css,2c53d34,你的名字,2026-05-01,18:00:00,-07:00,2026-05-01T18:00:00-07:00,0,0
..\style.css,351,css,2c53d34,你的名字,2026-05-01,18:00:00,-07:00,2026-05-01T18:00:00-07:00,0,11
..\style.css,352,css,2c53d34,你的名字,2026-05-01,18:00:00,-07:00,2026-05-01T18:00:00-07:00,0,0
..\style.css,353,css,2c53d34,你的名字,2026-05-01,18:00:00,-07:00,2026-05-01T18:00:00-07:00,0,9
..\style.css,354,css,2c53d34,你的名字,2026-05-01,18:00:00,-07:00,2026-05-01T18:00:00-07:00,0,0
..\style.css,355,css,2c53d34,你的名字,2026-05-01,18:00:00,-07:00,2026-05-01T18:00:00-07:00,0,0
..\style.css,356,css,2c53d34,你的名字,2026-05-01,18:00:00,-07:00,2026-05-01T18:00:00-07:00,0,16
..\style.css,357,css,2c53d34,你的名字,2026-05-01,18:00:00,-07:00,2026-05-01T18:00:00-07:00,0,0
..\style.css,358,css,2c53d34,你的名字,2026-05-01,18:00:00,-07:00,2026-05-01T18:00:00-07:00,0,13
..\style.css,359,css,2c53d34,你的名字,2026-05-01,18:00:00,-07:00,2026-05-01T18:00:00-07:00,0,0
..\style.css,360,css,2c53d34,你的名字,2026-05-01,18:00:00,-07:00,2026-05-01T18:00:00-07:00,0,13
..\style.css,361,css,2c53d34,你的名字,2026-05-01,18:00:00,-07:00,2026-05-01T18:00:00-07:00,0,0
..\style.css,362,css,2c53d34,你的名字,2026-05-01,18:00:00,-07:00,2026-05-01T18:00:00-07:00,0,17
..\style.css,363,css,2c53d34,你的名字,2026-05-01,18:00:00,-07:00,2026-05-01T18:00:00-07:00,0,0
..\style.css,364,css,2c53d34,你的名字,2026-05-01,18:00:00,-07:00,2026-05-01T18:00:00-07:00,0,0
..\style.css,365,css,2c53d34,你的名字,2026-05-01,18:00:00,-07:00,2026-05-01T18:00:00-07:00,0,23
..\style.css,366,css,2c53d34,你的名字,2026-05-01,18:00:00,-07:00,2026-05-01T18:00:00-07:00,0,11
..\style.css,367,css,2c53d34,你的名字,2026-05-01,18:00:00,-07:00,2026-05-01T18:00:00-07:00,0,9
..\style.css,368,css,2c53d34,你的名字,2026-05-01,18:00:00,-07:00,2026-05-01T18:00:00-07:00,0,16
..\style.css,369,css,2c53d34,你的名字,2026-05-01,18:00:00,-07:00,2026-05-01T18:00:00-07:00,0,0
..\style.css,370,css,2c53d34,你的名字,2026-05-01,18:00:00,-07:00,2026-05-01T18:00:00-07:00,0,0
..\style.css,371,css,2c53d34,你的名字,2026-05-01,18:00:00,-07:00,2026-05-01T18:00:00-07:00,0,23
..\style.css,372,css,2c53d34,你的名字,2026-05-01,18:00:00,-07:00,2026-05-01T18:00:00-07:00,0,11
..\style.css,373,css,2c53d34,你的名字,2026-05-01,18:00:00,-07:00,2026-05-01T18:00:00-07:00,0,16
..\style.css,374,css,2c53d34,你的名字,2026-05-01,18:00:00,-07:00,2026-05-01T18:00:00-07:00,0,17
..\style.css,375,css,2c53d34,你的名字,2026-05-01,18:00:00,-07:00,2026-05-01T18:00:00-07:00,0,0
..\style.css,376,css,2c53d34,你的名字,2026-05-01,18:00:00,-07:00,2026-05-01T18:00:00-07:00,0,0
..\style.css,377,css,2c53d34,你的名字,2026-05-01,18:00:00,-07:00,2026-05-01T18:00:00-07:00,0,7
..\style.css,378,css,2c53d34,你的名字,2026-05-01,18:00:00,-07:00,2026-05-01T18:00:00-07:00,0,0
..\style.css,379,css,2c53d34,你的名字,2026-05-01,18:00:00,-07:00,2026-05-01T18:00:00-07:00,0,13
..\style.css,380,css,2c53d34,你的名字,2026-05-01,18:00:00,-07:00,2026-05-01T18:00:00-07:00,0,0
..\style.css,381,css,2c53d34,你的名字,2026-05-01,18:00:00,-07:00,2026-05-01T18:00:00-07:00,0,21
..\style.css,382,css,2c53d34,你的名字,2026-05-01,18:00:00,-07:00,2026-05-01T18:00:00-07:00,0,7
..\style.css,383,css,2c53d34,你的名字,2026-05-01,18:00:00,-07:00,2026-05-01T18:00:00-07:00,0,0
..\style.css,384,css,2c53d34,你的名字,2026-05-01,18:00:00,-07:00,2026-05-01T18:00:00-07:00,0,10
..\style.css,385,css,2c53d34,你的名字,2026-05-01,18:00:00,-07:00,2026-05-01T18:00:00-07:00,0,0
..\style.css,386,css,2c53d34,你的名字,2026-05-01,18:00:00,-07:00,2026-05-01T18:00:00-07:00,0,0
..\style.css,387,css,2c53d34,你的名字,2026-05-01,18:00:00,-07:00,2026-05-01T18:00:00-07:00,0,13
..\style.css,388,css,2c53d34,你的名字,2026-05-01,18:00:00,-07:00,2026-05-01T18:00:00-07:00,0,0
..\style.css,389,css,2c53d34,你的名字,2026-05-01,18:00:00,-07:00,2026-05-01T18:00:00-07:00,0,19
..\style.css,390,css,2c53d34,你的名字,2026-05-01,18:00:00,-07:00,2026-05-01T18:00:00-07:00,0,0
..\style.css,391,css,2c53d34,你的名字,2026-05-01,18:00:00,-07:00,2026-05-01T18:00:00-07:00,0,13
..\style.css,392,css,2c53d34,你的名字,2026-05-01,18:00:00,-07:00,2026-05-01T18:00:00-07:00,0,0
..\style.css,393,css,2c53d34,你的名字,2026-05-01,18:00:00,-07:00,2026-05-01T18:00:00-07:00,0,30
..\style.css,394,css,2c53d34,你的名字,2026-05-01,18:00:00,-07:00,2026-05-01T18:00:00-07:00,0,0
..\style.css,395,css,2c53d34,你的名字,2026-05-01,18:00:00,-07:00,2026-05-01T18:00:00-07:00,0,0
..\style.css,396,css,2c53d34,你的名字,2026-05-01,18:00:00,-07:00,2026-05-01T18:00:00-07:00,0,10
..\style.css,397,css,2c53d34,你的名字,2026-05-01,18:00:00,-07:00,2026-05-01T18:00:00-07:00,0,0
..\style.css,398,css,2c53d34,你的名字,2026-05-01,18:00:00,-07:00,2026-05-01T18:00:00-07:00,0,14
..\style.css,399,css,2c53d34,你的名字,2026-05-01,18:00:00,-07:00,2026-05-01T18:00:00-07:00,0,0
..\style.css,400,css,2c53d34,你的名字,2026-05-01,18:00:00,-07:00,2026-05-01T18:00:00-07:00,0,0
..\style.css,401,css,2c53d34,你的名字,2026-05-01,18:00:00,-07:00,2026-05-01T18:00:00-07:00,0,10
..\style.css,402,css,2c53d34,你的名字,2026-05-01,18:00:00,-07:00,2026-05-01T18:00:00-07:00,0,0
..\style.css,403,css,2c53d34,你的名字,2026-05-01,18:00:00,-07:00,2026-05-01T18:00:00-07:00,0,14
..\style.css,404,css,2c53d34,你的名字,2026-05-01,18:00:00,-07:00,2026-05-01T18:00:00-07:00,0,0
..\style.css,405,css,2c53d34,你的名字,2026-05-01,18:00:00,-07:00,2026-05-01T18:00:00-07:00,0,13
..\style.css,406,css,2c53d34,你的名字,2026-05-01,18:00:00,-07:00,2026-05-01T18:00:00-07:00,0,0
..\style.css,407,css,2c53d34,你的名字,2026-05-01,18:00:00,-07:00,2026-05-01T18:00:00-07:00,0,15
..\style.css,408,css,2c53d34,你的名字,2026-05-01,18:00:00,-07:00,2026-05-01T18:00:00-07:00,0,0
..\style.css,409,css,2c53d34,你的名字,2026-05-01,18:00:00,-07:00,2026-05-01T18:00:00-07:00,0,18
..\style.css,410,css,2c53d34,你的名字,2026-05-01,18:00:00,-07:00,2026-05-01T18:00:00-07:00,0,0
..\style.css,411,css,2c53d34,你的名字,2026-05-01,18:00:00,-07:00,2026-05-01T18:00:00-07:00,0,20
..\style.css,412,css,2c53d34,你的名字,2026-05-01,18:00:00,-07:00,2026-05-01T18:00:00-07:00,0,0
..\style.css,413,css,b615a99f,你的名字,2026-05-07,16:30:00,-07:00,2026-05-07T16:30:00-07:00,0,11
..\style.css,414,css,2c53d34,你的名字,2026-05-01,18:00:00,-07:00,2026-05-01T18:00:00-07:00,0,0
..\style.css,415,css,2c53d34,你的名字,2026-05-01,18:00:00,-07:00,2026-05-01T18:00:00-07:00,0,18
..\style.css,416,css,2c53d34,你的名字,2026-05-01,18:00:00,-07:00,2026-05-01T18:00:00-07:00,0,0
..\style.css,417,css,2c53d34,你的名字,2026-05-01,18:00:00,-07:00,2026-05-01T18:00:00-07:00,0,14
..\style.css,418,css,2c53d34,你的名字,2026-05-01,18:00:00,-07:00,2026-05-01T18:00:00-07:00,0,0
..\style.css,419,css,2c53d34,你的名字,2026-05-01,18:00:00,-07:00,2026-05-01T18:00:00-07:00,0,0
..\style.css,420,css,2c53d34,你的名字,2026-05-01,18:00:00,-07:00,2026-05-01T18:00:00-07:00,0,5
..\style.css,421,css,2c53d34,你的名字,2026-05-01,18:00:00,-07:00,2026-05-01T18:00:00-07:00,0,0
..\style.css,422,css,2c53d34,你的名字,2026-05-01,18:00:00,-07:00,2026-05-01T18:00:00-07:00,0,12
..\style.css,423,css,2c53d34,你的名字,2026-05-01,18:00:00,-07:00,2026-05-01T18:00:00-07:00,0,0
..\style.css,424,css,2c53d34,你的名字,2026-05-01,18:00:00,-07:00,2026-05-01T18:00:00-07:00,0,15
..\style.css,425,css,2c53d34,你的名字,2026-05-01,18:00:00,-07:00,2026-05-01T18:00:00-07:00,0,0
..\style.css,426,css,2c53d34,你的名字,2026-05-01,18:00:00,-07:00,2026-05-01T18:00:00-07:00,0,24
..\style.css,427,css,2c53d34,你的名字,2026-05-01,18:00:00,-07:00,2026-05-01T18:00:00-07:00,0,0
..\style.css,428,css,2c53d34,你的名字,2026-05-01,18:00:00,-07:00,2026-05-01T18:00:00-07:00,0,18
..\style.css,429,css,2c53d34,你的名字,2026-05-01,18:00:00,-07:00,2026-05-01T18:00:00-07:00,0,0
..\style.css,430,css,2c53d34,你的名字,2026-05-01,18:00:00,-07:00,2026-05-01T18:00:00-07:00,0,0
..\style.css,431,css,2c53d34,你的名字,2026-05-01,18:00:00,-07:00,2026-05-01T18:00:00-07:00,0,0
..\style.css,432,css,00000000,Not Committed Yet,2026-05-22,20:58:01,-07:00,2026-05-22T20:58:01-07:00,0,0
..\style.css,433,css,00000000,Not Committed Yet,2026-05-22,20:58:01,-07:00,2026-05-22T20:58:01-07:00,0,0
..\style.css,434,css,00000000,Not Committed Yet,2026-05-22,20:58:01,-07:00,2026-05-22T20:58:01-07:00,0,30
..\style.css,435,css,00000000,Not Committed Yet,2026-05-22,20:58:01,-07:00,2026-05-22T20:58:01-07:00,0,19
..\style.css,436,css,00000000,Not Committed Yet,2026-05-22,20:58:01,-07:00,2026-05-22T20:58:01-07:00,0,30
..\style.css,437,css,00000000,Not Committed Yet,2026-05-22,20:58:01,-07:00,2026-05-22T20:58:01-07:00,0,0
..\style.css,438,css,00000000,Not Committed Yet,2026-05-22,20:58:01,-07:00,2026-05-22T20:58:01-07:00,0,10
..\style.css,439,css,00000000,Not Committed Yet,2026-05-22,20:58:01,-07:00,2026-05-22T20:58:01-07:00,0,11
..\style.css,440,css,00000000,Not Committed Yet,2026-05-22,20:58:01,-07:00,2026-05-22T20:58:01-07:00,0,13
..\style.css,441,css,00000000,Not Committed Yet,2026-05-22,20:58:01,-07:00,2026-05-22T20:58:01-07:00,0,0
..\style.css,442,css,00000000,Not Committed Yet,2026-05-22,20:58:01,-07:00,2026-05-22T20:58:01-07:00,0,21
..\style.css,443,css,00000000,Not Committed Yet,2026-05-22,20:58:01,-07:00,2026-05-22T20:58:01-07:00,0,7
..\style.css,444,css,2c53d34,你的名字,2026-05-01,18:00:00,-07:00,2026-05-01T18:00:00-07:00,0,0
..\style.css,445,css,2c53d34,你的名字,2026-05-01,18:00:00,-07:00,2026-05-01T18:00:00-07:00,0,9
..\style.css,446,css,00000000,Not Committed Yet,2026-05-22,20:58:01,-07:00,2026-05-22T20:58:01-07:00,0,0
..\style.css,447,css,00000000,Not Committed Yet,2026-05-22,20:58:01,-07:00,2026-05-22T20:58:01-07:00,0,18
..\style.css,448,css,00000000,Not Committed Yet,2026-05-22,20:58:01,-07:00,2026-05-22T20:58:01-07:00,0,0
..\style.css,449,css,00000000,Not Committed Yet,2026-05-22,20:58:01,-07:00,2026-05-22T20:58:01-07:00,0,18
..\style.css,450,css,2c53d34,你的名字,2026-05-01,18:00:00,-07:00,2026-05-01T18:00:00-07:00,0,0
..\style.css,451,css,00000000,Not Committed Yet,2026-05-22,20:58:01,-07:00,2026-05-22T20:58:01-07:00,0,14
..\style.css,452,css,2c53d34,你的名字,2026-05-01,18:00:00,-07:00,2026-05-01T18:00:00-07:00,0,0
..\style.css,453,css,00000000,Not Committed Yet,2026-05-22,20:58:01,-07:00,2026-05-22T20:58:01-07:00,0,14
..\style.css,454,css,00000000,Not Committed Yet,2026-05-22,20:58:01,-07:00,2026-05-22T20:58:01-07:00,0,13
..\style.css,455,css,2c53d34,你的名字,2026-05-01,18:00:00,-07:00,2026-05-01T18:00:00-07:00,0,7
..\style.css,456,css,00000000,Not Committed Yet,2026-05-22,20:58:01,-07:00,2026-05-22T20:58:01-07:00,0,0
..\style.css,457,css,2c53d34,你的名字,2026-05-01,18:00:00,-07:00,2026-05-01T18:00:00-07:00,0,0
..\style.css,458,css,00000000,Not Committed Yet,2026-05-22,20:58:01,-07:00,2026-05-22T20:58:01-07:00,0,13
..\style.css,459,css,00000000,Not Committed Yet,2026-05-22,20:58:01,-07:00,2026-05-22T20:58:01-07:00,0,15
..\style.css,460,css,2c53d34,你的名字,2026-05-01,18:00:00,-07:00,2026-05-01T18:00:00-07:00,0,16
..\style.css,461,css,00000000,Not Committed Yet,2026-05-22,20:58:01,-07:00,2026-05-22T20:58:01-07:00,0,0
..\style.css,462,css,2c53d34,你的名字,2026-05-01,18:00:00,-07:00,2026-05-01T18:00:00-07:00,0,9
..\style.css,463,css,2c53d34,你的名字,2026-05-01,18:00:00,-07:00,2026-05-01T18:00:00-07:00,0,0
..\style.css,464,css,00000000,Not Committed Yet,2026-05-22,20:58:01,-07:00,2026-05-22T20:58:01-07:00,0,19
..\style.css,465,css,00000000,Not Committed Yet,2026-05-22,20:58:01,-07:00,2026-05-22T20:58:01-07:00,0,0
..\style.css,466,css,2c53d34,你的名字,2026-05-01,18:00:00,-07:00,2026-05-01T18:00:00-07:00,0,17
..\style.css,467,css,2c53d34,你的名字,2026-05-01,18:00:00,-07:00,2026-05-01T18:00:00-07:00,0,0
..\style.css,468,css,2c53d34,你的名字,2026-05-01,18:00:00,-07:00,2026-05-01T18:00:00-07:00,0,0
..\style.css,469,css,00000000,Not Committed Yet,2026-05-22,20:58:01,-07:00,2026-05-22T20:58:01-07:00,0,32
..\style.css,470,css,00000000,Not Committed Yet,2026-05-22,20:58:01,-07:00,2026-05-22T20:58:01-07:00,0,0
..\style.css,471,css,2c53d34,你的名字,2026-05-01,18:00:00,-07:00,2026-05-01T18:00:00-07:00,0,6
..\style.css,472,css,00000000,Not Committed Yet,2026-05-22,20:58:01,-07:00,2026-05-22T20:58:01-07:00,0,19
..\style.css,473,css,00000000,Not Committed Yet,2026-05-22,20:58:01,-07:00,2026-05-22T20:58:01-07:00,0,0
..\style.css,474,css,00000000,Not Committed Yet,2026-05-22,20:58:01,-07:00,2026-05-22T20:58:01-07:00,0,0
..\style.css,475,css,00000000,Not Committed Yet,2026-05-22,20:58:01,-07:00,2026-05-22T20:58:01-07:00,0,30
..\style.css,476,css,00000000,Not Committed Yet,2026-05-22,20:58:01,-07:00,2026-05-22T20:58:01-07:00,0,10
..\style.css,477,css,00000000,Not Committed Yet,2026-05-22,20:58:01,-07:00,2026-05-22T20:58:01-07:00,0,30
..\style.css,478,css,00000000,Not Committed Yet,2026-05-22,20:58:01,-07:00,2026-05-22T20:58:01-07:00,0,0
..\style.css,479,css,00000000,Not Committed Yet,2026-05-22,20:58:01,-07:00,2026-05-22T20:58:01-07:00,0,7
..\style.css,480,css,00000000,Not Committed Yet,2026-05-22,20:58:01,-07:00,2026-05-22T20:58:01-07:00,0,13
..\style.css,481,css,00000000,Not Committed Yet,2026-05-22,20:58:01,-07:00,2026-05-22T20:58:01-07:00,0,0
..\style.css,482,css,00000000,Not Committed Yet,2026-05-22,20:58:01,-07:00,2026-05-22T20:58:01-07:00,0,21
..\style.css,483,css,00000000,Not Committed Yet,2026-05-22,20:58:01,-07:00,2026-05-22T20:58:01-07:00,0,7
..\style.css,484,css,00000000,Not Committed Yet,2026-05-22,20:58:01,-07:00,2026-05-22T20:58:01-07:00,0,0
..\style.css,485,css,00000000,Not Committed Yet,2026-05-22,20:58:01,-07:00,2026-05-22T20:58:01-07:00,0,10
..\style.css,486,css,00000000,Not Committed Yet,2026-05-22,20:58:01,-07:00,2026-05-22T20:58:01-07:00,0,0
..\style.css,487,css,00000000,Not Committed Yet,2026-05-22,20:58:01,-07:00,2026-05-22T20:58:01-07:00,0,0
..\style.css,488,css,00000000,Not Committed Yet,2026-05-22,20:58:01,-07:00,2026-05-22T20:58:01-07:00,0,13
..\style.css,489,css,00000000,Not Committed Yet,2026-05-22,20:58:01,-07:00,2026-05-22T20:58:01-07:00,0,19
..\style.css,490,css,00000000,Not Committed Yet,2026-05-22,20:58:01,-07:00,2026-05-22T20:58:01-07:00,0,0
..\style.css,491,css,00000000,Not Committed Yet,2026-05-22,20:58:01,-07:00,2026-05-22T20:58:01-07:00,0,13
..\style.css,492,css,00000000,Not Committed Yet,2026-05-22,20:58:01,-07:00,2026-05-22T20:58:01-07:00,0,0
..\style.css,493,css,00000000,Not Committed Yet,2026-05-22,20:58:01,-07:00,2026-05-22T20:58:01-07:00,0,30
..\style.css,494,css,00000000,Not Committed Yet,2026-05-22,20:58:01,-07:00,2026-05-22T20:58:01-07:00,0,0
..\style.css,495,css,00000000,Not Committed Yet,2026-05-22,20:58:01,-07:00,2026-05-22T20:58:01-07:00,0,0
..\style.css,496,css,00000000,Not Committed Yet,2026-05-22,20:58:01,-07:00,2026-05-22T20:58:01-07:00,0,10
..\style.css,497,css,00000000,Not Committed Yet,2026-05-22,20:58:01,-07:00,2026-05-22T20:58:01-07:00,0,14
..\style.css,498,css,2c53d34,你的名字,2026-05-01,18:00:00,-07:00,2026-05-01T18:00:00-07:00,0,0
..\style.css,499,css,2c53d34,你的名字,2026-05-01,18:00:00,-07:00,2026-05-01T18:00:00-07:00,0,0
..\style.css,500,css,00000000,Not Committed Yet,2026-05-22,20:58:01,-07:00,2026-05-22T20:58:01-07:00,0,10
..\style.css,501,css,00000000,Not Committed Yet,2026-05-22,20:58:01,-07:00,2026-05-22T20:58:01-07:00,0,14
..\style.css,502,css,00000000,Not Committed Yet,2026-05-22,20:58:01,-07:00,2026-05-22T20:58:01-07:00,0,0
..\style.css,503,css,2c53d34,你的名字,2026-05-01,18:00:00,-07:00,2026-05-01T18:00:00-07:00,0,13
..\style.css,504,css,00000000,Not Committed Yet,2026-05-22,20:58:01,-07:00,2026-05-22T20:58:01-07:00,0,0
..\style.css,505,css,00000000,Not Committed Yet,2026-05-22,20:58:01,-07:00,2026-05-22T20:58:01-07:00,0,15
..\style.css,506,css,00000000,Not Committed Yet,2026-05-22,20:58:01,-07:00,2026-05-22T20:58:01-07:00,0,0
..\style.css,507,css,00000000,Not Committed Yet,2026-05-22,20:58:01,-07:00,2026-05-22T20:58:01-07:00,0,18
..\style.css,508,css,00000000,Not Committed Yet,2026-05-22,20:58:01,-07:00,2026-05-22T20:58:01-07:00,0,0
..\style.css,509,css,00000000,Not Committed Yet,2026-05-22,20:58:01,-07:00,2026-05-22T20:58:01-07:00,0,20
..\style.css,510,css,00000000,Not Committed Yet,2026-05-22,20:58:01,-07:00,2026-05-22T20:58:01-07:00,0,0
..\style.css,511,css,00000000,Not Committed Yet,2026-05-22,20:58:01,-07:00,2026-05-22T20:58:01-07:00,0,11
..\style.css,512,css,00000000,Not Committed Yet,2026-05-22,20:58:01,-07:00,2026-05-22T20:58:01-07:00,0,0
..\style.css,513,css,00000000,Not Committed Yet,2026-05-22,20:58:01,-07:00,2026-05-22T20:58:01-07:00,0,18
..\style.css,514,css,00000000,Not Committed Yet,2026-05-22,20:58:01,-07:00,2026-05-22T20:58:01-07:00,0,0
..\style.css,515,css,00000000,Not Committed Yet,2026-05-22,20:58:01,-07:00,2026-05-22T20:58:01-07:00,0,14
..\style.css,516,css,2c53d34,你的名字,2026-05-01,18:00:00,-07:00,2026-05-01T18:00:00-07:00,0,0
..\style.css,517,css,2c53d34,你的名字,2026-05-01,18:00:00,-07:00,2026-05-01T18:00:00-07:00,0,0
..\style.css,518,css,00000000,Not Committed Yet,2026-05-22,20:58:01,-07:00,2026-05-22T20:58:01-07:00,0,9
..\style.css,519,css,00000000,Not Committed Yet,2026-05-22,20:58:01,-07:00,2026-05-22T20:58:01-07:00,0,0
..\style.css,520,css,00000000,Not Committed Yet,2026-05-22,20:58:01,-07:00,2026-05-22T20:58:01-07:00,0,5
..\style.css,521,css,00000000,Not Committed Yet,2026-05-22,20:58:01,-07:00,2026-05-22T20:58:01-07:00,0,13
..\style.css,522,css,00000000,Not Committed Yet,2026-05-22,20:58:01,-07:00,2026-05-22T20:58:01-07:00,0,0
..\style.css,523,css,00000000,Not Committed Yet,2026-05-22,20:58:01,-07:00,2026-05-22T20:58:01-07:00,0,15
..\style.css,524,css,00000000,Not Committed Yet,2026-05-22,20:58:01,-07:00,2026-05-22T20:58:01-07:00,0,0
..\style.css,525,css,00000000,Not Committed Yet,2026-05-22,20:58:01,-07:00,2026-05-22T20:58:01-07:00,0,24
..\style.css,526,css,00000000,Not Committed Yet,2026-05-22,20:58:01,-07:00,2026-05-22T20:58:01-07:00,0,0
..\style.css,527,css,00000000,Not Committed Yet,2026-05-22,20:58:01,-07:00,2026-05-22T20:58:01-07:00,0,18
..\style.css,528,css,2c53d34,你的名字,2026-05-01,18:00:00,-07:00,2026-05-01T18:00:00-07:00,0,0
..\style.css,529,css,2c53d34,你的名字,2026-05-01,18:00:00,-07:00,2026-05-01T18:00:00-07:00,0,0
..\style.css,530,css,00000000,Not Committed Yet,2026-05-22,20:58:01,-07:00,2026-05-22T20:58:01-07:00,0,30
..\style.css,531,css,00000000,Not Committed Yet,2026-05-22,20:58:01,-07:00,2026-05-22T20:58:01-07:00,0,17
..\style.css,532,css,00000000,Not Committed Yet,2026-05-22,20:58:01,-07:00,2026-05-22T20:58:01-07:00,0,30
..\style.css,533,css,00000000,Not Committed Yet,2026-05-22,20:58:01,-07:00,2026-05-22T20:58:01-07:00,0,0
..\style.css,534,css,00000000,Not Committed Yet,2026-05-22,20:58:01,-07:00,2026-05-22T20:58:01-07:00,0,16
..\style.css,535,css,00000000,Not Committed Yet,2026-05-22,20:58:01,-07:00,2026-05-22T20:58:01-07:00,0,12
..\style.css,536,css,00000000,Not Committed Yet,2026-05-22,20:58:01,-07:00,2026-05-22T20:58:01-07:00,0,19
..\style.css,537,css,00000000,Not Committed Yet,2026-05-22,20:58:01,-07:00,2026-05-22T20:58:01-07:00,0,0
..\style.css,538,css,00000000,Not Committed Yet,2026-05-22,20:58:01,-07:00,2026-05-22T20:58:01-07:00,0,0
..\style.css,539,css,00000000,Not Committed Yet,2026-05-22,20:58:01,-07:00,2026-05-22T20:58:01-07:00,0,16
..\style.css,540,css,00000000,Not Committed Yet,2026-05-22,20:58:01,-07:00,2026-05-22T20:58:01-07:00,0,13
..\style.css,541,css,00000000,Not Committed Yet,2026-05-22,20:58:01,-07:00,2026-05-22T20:58:01-07:00,0,0
..\style.css,542,css,00000000,Not Committed Yet,2026-05-22,20:58:01,-07:00,2026-05-22T20:58:01-07:00,0,0
..\style.css,543,css,00000000,Not Committed Yet,2026-05-22,20:58:01,-07:00,2026-05-22T20:58:01-07:00,0,7
..\style.css,544,css,00000000,Not Committed Yet,2026-05-22,20:58:01,-07:00,2026-05-22T20:58:01-07:00,0,17
..\style.css,545,css,00000000,Not Committed Yet,2026-05-22,20:58:01,-07:00,2026-05-22T20:58:01-07:00,0,0
..\style.css,546,css,00000000,Not Committed Yet,2026-05-22,20:58:01,-07:00,2026-05-22T20:58:01-07:00,0,24
..\style.css,547,css,00000000,Not Committed Yet,2026-05-22,20:58:01,-07:00,2026-05-22T20:58:01-07:00,0,0
..\style.css,548,css,00000000,Not Committed Yet,2026-05-22,20:58:01,-07:00,2026-05-22T20:58:01-07:00,0,23
..\style.css,549,css,00000000,Not Committed Yet,2026-05-22,20:58:01,-07:00,2026-05-22T20:58:01-07:00,0,0
..\style.css,550,css,00000000,Not Committed Yet,2026-05-22,20:58:01,-07:00,2026-05-22T20:58:01-07:00,0,0
..\style.css,551,css,00000000,Not Committed Yet,2026-05-22,20:58:01,-07:00,2026-05-22T20:58:01-07:00,0,13
..\style.css,552,css,00000000,Not Committed Yet,2026-05-22,20:58:01,-07:00,2026-05-22T20:58:01-07:00,0,21
..\style.css,553,css,00000000,Not Committed Yet,2026-05-22,20:58:01,-07:00,2026-05-22T20:58:01-07:00,0,0
..\style.css,554,css,00000000,Not Committed Yet,2026-05-22,20:58:01,-07:00,2026-05-22T20:58:01-07:00,0,0
..\style.css,555,css,00000000,Not Committed Yet,2026-05-22,20:58:01,-07:00,2026-05-22T20:58:01-07:00,0,16
..\style.css,556,css,00000000,Not Committed Yet,2026-05-22,20:58:01,-07:00,2026-05-22T20:58:01-07:00,0,13
..\style.css,557,css,00000000,Not Committed Yet,2026-05-22,20:58:01,-07:00,2026-05-22T20:58:01-07:00,0,0
..\style.css,558,css,00000000,Not Committed Yet,2026-05-22,20:58:01,-07:00,2026-05-22T20:58:01-07:00,0,13
..\style.css,559,css,00000000,Not Committed Yet,2026-05-22,20:58:01,-07:00,2026-05-22T20:58:01-07:00,0,0
..\style.css,560,css,00000000,Not Committed Yet,2026-05-22,20:58:01,-07:00,2026-05-22T20:58:01-07:00,0,15
..\style.css,561,css,00000000,Not Committed Yet,2026-05-22,20:58:01,-07:00,2026-05-22T20:58:01-07:00,0,0
..\style.css,562,css,00000000,Not Committed Yet,2026-05-22,20:58:01,-07:00,2026-05-22T20:58:01-07:00,0,0
..\style.css,563,css,00000000,Not Committed Yet,2026-05-22,20:58:01,-07:00,2026-05-22T20:58:01-07:00,0,30
..\style.css,564,css,00000000,Not Committed Yet,2026-05-22,20:58:01,-07:00,2026-05-22T20:58:01-07:00,0,12
..\style.css,565,css,00000000,Not Committed Yet,2026-05-22,20:58:01,-07:00,2026-05-22T20:58:01-07:00,0,30
..\style.css,566,css,00000000,Not Committed Yet,2026-05-22,20:58:01,-07:00,2026-05-22T20:58:01-07:00,0,0
..\style.css,567,css,00000000,Not Committed Yet,2026-05-22,20:58:01,-07:00,2026-05-22T20:58:01-07:00,0,8
..\style.css,568,css,00000000,Not Committed Yet,2026-05-22,20:58:01,-07:00,2026-05-22T20:58:01-07:00,0,12
..\style.css,569,css,00000000,Not Committed Yet,2026-05-22,20:58:01,-07:00,2026-05-22T20:58:01-07:00,0,0
..\style.css,570,css,00000000,Not Committed Yet,2026-05-22,20:58:01,-07:00,2026-05-22T20:58:01-07:00,0,13
..\style.css,571,css,00000000,Not Committed Yet,2026-05-22,20:58:01,-07:00,2026-05-22T20:58:01-07:00,0,0
..\style.css,572,css,00000000,Not Committed Yet,2026-05-22,20:58:01,-07:00,2026-05-22T20:58:01-07:00,0,21
..\style.css,573,css,00000000,Not Committed Yet,2026-05-22,20:58:01,-07:00,2026-05-22T20:58:01-07:00,0,8
..\style.css,574,css,00000000,Not Committed Yet,2026-05-22,20:58:01,-07:00,2026-05-22T20:58:01-07:00,0,0
..\style.css,575,css,00000000,Not Committed Yet,2026-05-22,20:58:01,-07:00,2026-05-22T20:58:01-07:00,0,10
..\style.css,576,css,00000000,Not Committed Yet,2026-05-22,20:58:01,-07:00,2026-05-22T20:58:01-07:00,0,0
..\style.css,577,css,00000000,Not Committed Yet,2026-05-22,20:58:01,-07:00,2026-05-22T20:58:01-07:00,0,9
..\style.css,578,css,00000000,Not Committed Yet,2026-05-22,20:58:01,-07:00,2026-05-22T20:58:01-07:00,0,0
..\style.css,579,css,00000000,Not Committed Yet,2026-05-22,20:58:01,-07:00,2026-05-22T20:58:01-07:00,0,12
..\style.css,580,css,00000000,Not Committed Yet,2026-05-22,20:58:01,-07:00,2026-05-22T20:58:01-07:00,0,0
..\style.css,581,css,00000000,Not Committed Yet,2026-05-22,20:58:01,-07:00,2026-05-22T20:58:01-07:00,0,17
..\style.css,582,css,00000000,Not Committed Yet,2026-05-22,20:58:01,-07:00,2026-05-22T20:58:01-07:00,0,0
..\style.css,583,css,00000000,Not Committed Yet,2026-05-22,20:58:01,-07:00,2026-05-22T20:58:01-07:00,0,20
..\style.css,584,css,00000000,Not Committed Yet,2026-05-22,20:58:01,-07:00,2026-05-22T20:58:01-07:00,0,0
..\style.css,585,css,00000000,Not Committed Yet,2026-05-22,20:58:01,-07:00,2026-05-22T20:58:01-07:00,0,10
..\style.css,586,css,00000000,Not Committed Yet,2026-05-22,20:58:01,-07:00,2026-05-22T20:58:01-07:00,0,27
..\style.css,587,css,00000000,Not Committed Yet,2026-05-22,20:58:01,-07:00,2026-05-22T20:58:01-07:00,0,0
..\style.css,588,css,00000000,Not Committed Yet,2026-05-22,20:58:01,-07:00,2026-05-22T20:58:01-07:00,0,0
..\style.css,589,css,00000000,Not Committed Yet,2026-05-22,20:58:01,-07:00,2026-05-22T20:58:01-07:00,0,9
..\style.css,590,css,00000000,Not Committed Yet,2026-05-22,20:58:01,-07:00,2026-05-22T20:58:01-07:00,0,15
..\style.css,591,css,00000000,Not Committed Yet,2026-05-22,20:58:01,-07:00,2026-05-22T20:58:01-07:00,0,0
..\style.css,592,css,00000000,Not Committed Yet,2026-05-22,20:58:01,-07:00,2026-05-22T20:58:01-07:00,0,8
..\style.css,593,css,00000000,Not Committed Yet,2026-05-22,20:58:01,-07:00,2026-05-22T20:58:01-07:00,0,9
..\style.css,594,css,00000000,Not Committed Yet,2026-05-22,20:58:01,-07:00,2026-05-22T20:58:01-07:00,0,0
..\style.css,595,css,00000000,Not Committed Yet,2026-05-22,20:58:01,-07:00,2026-05-22T20:58:01-07:00,0,13
..\style.css,596,css,00000000,Not Committed Yet,2026-05-22,20:58:01,-07:00,2026-05-22T20:58:01-07:00,0,0
..\style.css,597,css,00000000,Not Committed Yet,2026-05-22,20:58:01,-07:00,2026-05-22T20:58:01-07:00,0,0
..\style.css,598,css,00000000,Not Committed Yet,2026-05-22,20:58:01,-07:00,2026-05-22T20:58:01-07:00,0,30
..\style.css,599,css,00000000,Not Committed Yet,2026-05-22,20:58:01,-07:00,2026-05-22T20:58:01-07:00,0,23
..\style.css,600,css,00000000,Not Committed Yet,2026-05-22,20:58:01,-07:00,2026-05-22T20:58:01-07:00,0,30
..\style.css,601,css,00000000,Not Committed Yet,2026-05-22,20:58:01,-07:00,2026-05-22T20:58:01-07:00,0,0
..\style.css,602,css,00000000,Not Committed Yet,2026-05-22,20:58:01,-07:00,2026-05-22T20:58:01-07:00,0,20
..\style.css,603,css,00000000,Not Committed Yet,2026-05-22,20:58:01,-07:00,2026-05-22T20:58:01-07:00,0,16
..\style.css,604,css,2c53d34,你的名字,2026-05-01,18:00:00,-07:00,2026-05-01T18:00:00-07:00,0,0
..\index.js,1,js,2c53d34,你的名字,2026-05-01,18:00:00,-07:00,2026-05-01T18:00:00-07:00,0,72
..\index.js,2,js,2c53d34,你的名字,2026-05-01,18:00:00,-07:00,2026-05-01T18:00:00-07:00,0,0
..\index.js,3,js,2c53d34,你的名字,2026-05-01,18:00:00,-07:00,2026-05-01T18:00:00-07:00,0,64
..\index.js,4,js,2c53d34,你的名字,2026-05-01,18:00:00,-07:00,2026-05-01T18:00:00-07:00,0,0
..\index.js,5,js,2c53d34,你的名字,2026-05-01,18:00:00,-07:00,2026-05-01T18:00:00-07:00,0,56
..\index.js,6,js,2c53d34,你的名字,2026-05-01,18:00:00,-07:00,2026-05-01T18:00:00-07:00,0,0
..\index.js,7,js,2c53d34,你的名字,2026-05-01,18:00:00,-07:00,2026-05-01T18:00:00-07:00,0,35
..\index.js,8,js,2c53d34,你的名字,2026-05-01,18:00:00,-07:00,2026-05-01T18:00:00-07:00,0,0
..\index.js,9,js,2c53d34,你的名字,2026-05-01,18:00:00,-07:00,2026-05-01T18:00:00-07:00,0,53
..\index.js,10,js,2c53d34,你的名字,2026-05-01,18:00:00,-07:00,2026-05-01T18:00:00-07:00,0,0
..\index.js,11,js,2c53d34,你的名字,2026-05-01,18:00:00,-07:00,2026-05-01T18:00:00-07:00,0,15
..\index.js,12,js,2c53d34,你的名字,2026-05-01,18:00:00,-07:00,2026-05-01T18:00:00-07:00,0,39
..\index.js,13,js,2c53d34,你的名字,2026-05-01,18:00:00,-07:00,2026-05-01T18:00:00-07:00,0,0
..\index.js,14,js,2c53d34,你的名字,2026-05-01,18:00:00,-07:00,2026-05-01T18:00:00-07:00,0,0
..\index.js,15,js,2c53d34,你的名字,2026-05-01,18:00:00,-07:00,2026-05-01T18:00:00-07:00,0,56
..\index.js,16,js,2c53d34,你的名字,2026-05-01,18:00:00,-07:00,2026-05-01T18:00:00-07:00,0,0
..\index.js,17,js,2c53d34,你的名字,2026-05-01,18:00:00,-07:00,2026-05-01T18:00:00-07:00,0,63
..\index.js,18,js,2c53d34,你的名字,2026-05-01,18:00:00,-07:00,2026-05-01T18:00:00-07:00,0,0
..\index.js,19,js,2c53d34,你的名字,2026-05-01,18:00:00,-07:00,2026-05-01T18:00:00-07:00,0,34
..\index.js,20,js,2c53d34,你的名字,2026-05-01,18:00:00,-07:00,2026-05-01T18:00:00-07:00,0,27
..\index.js,21,js,2c53d34,你的名字,2026-05-01,18:00:00,-07:00,2026-05-01T18:00:00-07:00,0,39
..\index.js,22,js,2c53d34,你的名字,2026-05-01,18:00:00,-07:00,2026-05-01T18:00:00-07:00,0,40
..\index.js,23,js,2c53d34,你的名字,2026-05-01,18:00:00,-07:00,2026-05-01T18:00:00-07:00,0,40
..\index.js,24,js,2c53d34,你的名字,2026-05-01,18:00:00,-07:00,2026-05-01T18:00:00-07:00,0,1
..\index.js,25,js,2c53d34,你的名字,2026-05-01,18:00:00,-07:00,2026-05-01T18:00:00-07:00,0,0
..\index.html,1,html,2c53d34,你的名字,2026-05-01,18:00:00,-07:00,2026-05-01T18:00:00-07:00,0,14
..\index.html,2,html,2c53d34,你的名字,2026-05-01,18:00:00,-07:00,2026-05-01T18:00:00-07:00,0,5
..\index.html,3,html,2c53d34,你的名字,2026-05-01,18:00:00,-07:00,2026-05-01T18:00:00-07:00,0,5
..\index.html,4,html,2c53d34,你的名字,2026-05-01,18:00:00,-07:00,2026-05-01T18:00:00-07:00,0,41
..\index.html,5,html,2c53d34,你的名字,2026-05-01,18:00:00,-07:00,2026-05-01T18:00:00-07:00,0,39
..\index.html,6,html,2c53d34,你的名字,2026-05-01,18:00:00,-07:00,2026-05-01T18:00:00-07:00,0,6
..\index.html,7,html,2c53d34,你的名字,2026-05-01,18:00:00,-07:00,2026-05-01T18:00:00-07:00,0,0
..\index.html,8,html,2c53d34,你的名字,2026-05-01,18:00:00,-07:00,2026-05-01T18:00:00-07:00,0,5
..\index.html,9,html,2c53d34,你的名字,2026-05-01,18:00:00,-07:00,2026-05-01T18:00:00-07:00,0,0
..\index.html,10,html,2c53d34,你的名字,2026-05-01,18:00:00,-07:00,2026-05-01T18:00:00-07:00,0,19
..\index.html,11,html,2c53d34,你的名字,2026-05-01,18:00:00,-07:00,2026-05-01T18:00:00-07:00,0,0
..\index.html,12,html,2c53d34,你的名字,2026-05-01,18:00:00,-07:00,2026-05-01T18:00:00-07:00,0,0
..\index.html,13,html,2c53d34,你的名字,2026-05-01,18:00:00,-07:00,2026-05-01T18:00:00-07:00,0,2
..\index.html,14,html,2c53d34,你的名字,2026-05-01,18:00:00,-07:00,2026-05-01T18:00:00-07:00,0,88
..\index.html,15,html,2c53d34,你的名字,2026-05-01,18:00:00,-07:00,2026-05-01T18:00:00-07:00,0,37
..\index.html,16,html,2c53d34,你的名字,2026-05-01,18:00:00,-07:00,2026-05-01T18:00:00-07:00,0,3
..\index.html,17,html,2c53d34,你的名字,2026-05-01,18:00:00,-07:00,2026-05-01T18:00:00-07:00,0,0
..\index.html,18,html,2c53d34,你的名字,2026-05-01,18:00:00,-07:00,2026-05-01T18:00:00-07:00,0,2
..\index.html,19,html,2c53d34,你的名字,2026-05-01,18:00:00,-07:00,2026-05-01T18:00:00-07:00,0,101
..\index.html,20,html,2c53d34,你的名字,2026-05-01,18:00:00,-07:00,2026-05-01T18:00:00-07:00,0,59
..\index.html,21,html,2c53d34,你的名字,2026-05-01,18:00:00,-07:00,2026-05-01T18:00:00-07:00,0,3
..\index.html,22,html,2c53d34,你的名字,2026-05-01,18:00:00,-07:00,2026-05-01T18:00:00-07:00,0,0
..\index.html,23,html,2c53d34,你的名字,2026-05-01,18:00:00,-07:00,2026-05-01T18:00:00-07:00,0,65
..\index.html,24,html,2c53d34,你的名字,2026-05-01,18:00:00,-07:00,2026-05-01T18:00:00-07:00,0,0
..\index.html,25,html,2c53d34,你的名字,2026-05-01,18:00:00,-07:00,2026-05-01T18:00:00-07:00,0,43
..\index.html,26,html,2c53d34,你的名字,2026-05-01,18:00:00,-07:00,2026-05-01T18:00:00-07:00,0,0
..\index.html,27,html,2c53d34,你的名字,2026-05-01,18:00:00,-07:00,2026-05-01T18:00:00-07:00,0,23
..\index.html,28,html,2c53d34,你的名字,2026-05-01,18:00:00,-07:00,2026-05-01T18:00:00-07:00,0,27
..\index.html,29,html,2c53d34,你的名字,2026-05-01,18:00:00,-07:00,2026-05-01T18:00:00-07:00,0,0
..\index.html,30,html,2c53d34,你的名字,2026-05-01,18:00:00,-07:00,2026-05-01T18:00:00-07:00,0,20
..\index.html,31,html,2c53d34,你的名字,2026-05-01,18:00:00,-07:00,2026-05-01T18:00:00-07:00,0,29
..\index.html,32,html,2c53d34,你的名字,2026-05-01,18:00:00,-07:00,2026-05-01T18:00:00-07:00,0,0
..\index.html,33,html,2c53d34,你的名字,2026-05-01,18:00:00,-07:00,2026-05-01T18:00:00-07:00,0,46
..\index.html,34,html,2c53d34,你的名字,2026-05-01,18:00:00,-07:00,2026-05-01T18:00:00-07:00,0,45
..\index.html,35,html,2c53d34,你的名字,2026-05-01,18:00:00,-07:00,2026-05-01T18:00:00-07:00,0,6
..\index.html,36,html,2c53d34,你的名字,2026-05-01,18:00:00,-07:00,2026-05-01T18:00:00-07:00,0,6
..\global.js,1,js,2c53d34,你的名字,2026-05-01,18:00:00,-07:00,2026-05-01T18:00:00-07:00,0,26
..\global.js,2,js,2c53d34,你的名字,2026-05-01,18:00:00,-07:00,2026-05-01T18:00:00-07:00,0,0
..\global.js,3,js,2c53d34,你的名字,2026-05-01,18:00:00,-07:00,2026-05-01T18:00:00-07:00,0,42
..\global.js,4,js,2c53d34,你的名字,2026-05-01,18:00:00,-07:00,2026-05-01T18:00:00-07:00,0,53
..\global.js,5,js,2c53d34,你的名字,2026-05-01,18:00:00,-07:00,2026-05-01T18:00:00-07:00,0,0
..\global.js,6,js,2c53d34,你的名字,2026-05-01,18:00:00,-07:00,2026-05-01T18:00:00-07:00,0,0
..\global.js,7,js,2c53d34,你的名字,2026-05-01,18:00:00,-07:00,2026-05-01T18:00:00-07:00,0,39
..\global.js,8,js,2c53d34,你的名字,2026-05-01,18:00:00,-07:00,2026-05-01T18:00:00-07:00,0,49
..\global.js,9,js,2c53d34,你的名字,2026-05-01,18:00:00,-07:00,2026-05-01T18:00:00-07:00,0,0
..\global.js,10,js,2c53d34,你的名字,2026-05-01,18:00:00,-07:00,2026-05-01T18:00:00-07:00,0,12
..\global.js,11,js,2c53d34,你的名字,2026-05-01,18:00:00,-07:00,2026-05-01T18:00:00-07:00,0,26
..\global.js,12,js,2c53d34,你的名字,2026-05-01,18:00:00,-07:00,2026-05-01T18:00:00-07:00,0,39
..\global.js,13,js,2c53d34,你的名字,2026-05-01,18:00:00,-07:00,2026-05-01T18:00:00-07:00,0,37
..\global.js,14,js,2c53d34,你的名字,2026-05-01,18:00:00,-07:00,2026-05-01T18:00:00-07:00,0,31
..\global.js,15,js,2c53d34,你的名字,2026-05-01,18:00:00,-07:00,2026-05-01T18:00:00-07:00,0,31
..\global.js,16,js,2c53d34,你的名字,2026-05-01,18:00:00,-07:00,2026-05-01T18:00:00-07:00,0,58
..\global.js,17,js,2c53d34,你的名字,2026-05-01,18:00:00,-07:00,2026-05-01T18:00:00-07:00,0,1
..\global.js,18,js,2c53d34,你的名字,2026-05-01,18:00:00,-07:00,2026-05-01T18:00:00-07:00,0,0
..\global.js,19,js,2c53d34,你的名字,2026-05-01,18:00:00,-07:00,2026-05-01T18:00:00-07:00,0,16
..\global.js,20,js,2c53d34,你的名字,2026-05-01,18:00:00,-07:00,2026-05-01T18:00:00-07:00,0,69
..\global.js,21,js,2c53d34,你的名字,2026-05-01,18:00:00,-07:00,2026-05-01T18:00:00-07:00,0,4
..\global.js,22,js,2c53d34,你的名字,2026-05-01,18:00:00,-07:00,2026-05-01T18:00:00-07:00,0,15
..\global.js,23,js,2c53d34,你的名字,2026-05-01,18:00:00,-07:00,2026-05-01T18:00:00-07:00,0,0
..\global.js,24,js,2c53d34,你的名字,2026-05-01,18:00:00,-07:00,2026-05-01T18:00:00-07:00,0,39
..\global.js,25,js,2c53d34,你的名字,2026-05-01,18:00:00,-07:00,2026-05-01T18:00:00-07:00,0,26
..\global.js,26,js,2c53d34,你的名字,2026-05-01,18:00:00,-07:00,2026-05-01T18:00:00-07:00,0,0
..\global.js,27,js,2c53d34,你的名字,2026-05-01,18:00:00,-07:00,2026-05-01T18:00:00-07:00,0,21
..\global.js,28,js,2c53d34,你的名字,2026-05-01,18:00:00,-07:00,2026-05-01T18:00:00-07:00,0,15
..\global.js,29,js,2c53d34,你的名字,2026-05-01,18:00:00,-07:00,2026-05-01T18:00:00-07:00,0,0
..\global.js,30,js,2c53d34,你的名字,2026-05-01,18:00:00,-07:00,2026-05-01T18:00:00-07:00,0,29
..\global.js,31,js,2c53d34,你的名字,2026-05-01,18:00:00,-07:00,2026-05-01T18:00:00-07:00,0,21
..\global.js,32,js,2c53d34,你的名字,2026-05-01,18:00:00,-07:00,2026-05-01T18:00:00-07:00,0,0
..\global.js,33,js,2c53d34,你的名字,2026-05-01,18:00:00,-07:00,2026-05-01T18:00:00-07:00,0,0
..\global.js,34,js,2c53d34,你的名字,2026-05-01,18:00:00,-07:00,2026-05-01T18:00:00-07:00,0,35
..\global.js,35,js,2c53d34,你的名字,2026-05-01,18:00:00,-07:00,2026-05-01T18:00:00-07:00,0,12
..\global.js,36,js,2c53d34,你的名字,2026-05-01,18:00:00,-07:00,2026-05-01T18:00:00-07:00,0,23
..\global.js,37,js,2c53d34,你的名字,2026-05-01,18:00:00,-07:00,2026-05-01T18:00:00-07:00,0,0
..\global.js,38,js,2c53d34,你的名字,2026-05-01,18:00:00,-07:00,2026-05-01T18:00:00-07:00,0,66
..\global.js,39,js,2c53d34,你的名字,2026-05-01,18:00:00,-07:00,2026-05-01T18:00:00-07:00,0,26
..\global.js,40,js,2c53d34,你的名字,2026-05-01,18:00:00,-07:00,2026-05-01T18:00:00-07:00,0,0
..\global.js,41,js,2c53d34,你的名字,2026-05-01,18:00:00,-07:00,2026-05-01T18:00:00-07:00,0,0
..\global.js,42,js,2c53d34,你的名字,2026-05-01,18:00:00,-07:00,2026-05-01T18:00:00-07:00,0,30
..\global.js,43,js,2c53d34,你的名字,2026-05-01,18:00:00,-07:00,2026-05-01T18:00:00-07:00,0,19
..\global.js,44,js,2c53d34,你的名字,2026-05-01,18:00:00,-07:00,2026-05-01T18:00:00-07:00,0,0
..\global.js,45,js,2c53d34,你的名字,2026-05-01,18:00:00,-07:00,2026-05-01T18:00:00-07:00,0,0
..\global.js,46,js,2c53d34,你的名字,2026-05-01,18:00:00,-07:00,2026-05-01T18:00:00-07:00,0,13
..\global.js,47,js,2c53d34,你的名字,2026-05-01,18:00:00,-07:00,2026-05-01T18:00:00-07:00,0,0
..\global.js,48,js,2c53d34,你的名字,2026-05-01,18:00:00,-07:00,2026-05-01T18:00:00-07:00,0,0
..\global.js,49,js,2c53d34,你的名字,2026-05-01,18:00:00,-07:00,2026-05-01T18:00:00-07:00,0,32
..\global.js,50,js,2c53d34,你的名字,2026-05-01,18:00:00,-07:00,2026-05-01T18:00:00-07:00,0,12
..\global.js,51,js,2c53d34,你的名字,2026-05-01,18:00:00,-07:00,2026-05-01T18:00:00-07:00,0,0
..\global.js,52,js,2c53d34,你的名字,2026-05-01,18:00:00,-07:00,2026-05-01T18:00:00-07:00,0,27
..\global.js,53,js,2c53d34,你的名字,2026-05-01,18:00:00,-07:00,2026-05-01T18:00:00-07:00,0,5
..\global.js,54,js,2c53d34,你的名字,2026-05-01,18:00:00,-07:00,2026-05-01T18:00:00-07:00,0,7
..\global.js,55,js,2c53d34,你的名字,2026-05-01,18:00:00,-07:00,2026-05-01T18:00:00-07:00,0,39
..\global.js,56,js,2c53d34,你的名字,2026-05-01,18:00:00,-07:00,2026-05-01T18:00:00-07:00,0,35
..\global.js,57,js,2c53d34,你的名字,2026-05-01,18:00:00,-07:00,2026-05-01T18:00:00-07:00,0,33
..\global.js,58,js,2c53d34,你的名字,2026-05-01,18:00:00,-07:00,2026-05-01T18:00:00-07:00,0,8
..\global.js,59,js,2c53d34,你的名字,2026-05-01,18:00:00,-07:00,2026-05-01T18:00:00-07:00,0,7
..\global.js,60,js,2c53d34,你的名字,2026-05-01,18:00:00,-07:00,2026-05-01T18:00:00-07:00,0,0
..\global.js,61,js,2c53d34,你的名字,2026-05-01,18:00:00,-07:00,2026-05-01T18:00:00-07:00,0,1
..\global.js,62,js,2c53d34,你的名字,2026-05-01,18:00:00,-07:00,2026-05-01T18:00:00-07:00,0,0
..\global.js,63,js,2c53d34,你的名字,2026-05-01,18:00:00,-07:00,2026-05-01T18:00:00-07:00,0,59
..\global.js,64,js,2c53d34,你的名字,2026-05-01,18:00:00,-07:00,2026-05-01T18:00:00-07:00,0,0
..\global.js,65,js,2c53d34,你的名字,2026-05-01,18:00:00,-07:00,2026-05-01T18:00:00-07:00,0,0
..\global.js,66,js,2c53d34,你的名字,2026-05-01,18:00:00,-07:00,2026-05-01T18:00:00-07:00,0,35
..\global.js,67,js,2c53d34,你的名字,2026-05-01,18:00:00,-07:00,2026-05-01T18:00:00-07:00,0,42
..\global.js,68,js,2c53d34,你的名字,2026-05-01,18:00:00,-07:00,2026-05-01T18:00:00-07:00,0,14
..\global.js,69,js,2c53d34,你的名字,2026-05-01,18:00:00,-07:00,2026-05-01T18:00:00-07:00,0,23
..\global.js,70,js,2c53d34,你的名字,2026-05-01,18:00:00,-07:00,2026-05-01T18:00:00-07:00,0,1
..\global.js,71,js,2c53d34,你的名字,2026-05-01,18:00:00,-07:00,2026-05-01T18:00:00-07:00,0,39
..\global.js,72,js,2c53d34,你的名字,2026-05-01,18:00:00,-07:00,2026-05-01T18:00:00-07:00,0,0
..\global.js,73,js,2c53d34,你的名字,2026-05-01,18:00:00,-07:00,2026-05-01T18:00:00-07:00,0,0
..\global.js,74,js,2c53d34,你的名字,2026-05-01,18:00:00,-07:00,2026-05-01T18:00:00-07:00,0,50
..\global.js,75,js,2c53d34,你的名字,2026-05-01,18:00:00,-07:00,2026-05-01T18:00:00-07:00,0,30
..\global.js,76,js,2c53d34,你的名字,2026-05-01,18:00:00,-07:00,2026-05-01T18:00:00-07:00,0,0
..\global.js,77,js,2c53d34,你的名字,2026-05-01,18:00:00,-07:00,2026-05-01T18:00:00-07:00,0,65
..\global.js,78,js,2c53d34,你的名字,2026-05-01,18:00:00,-07:00,2026-05-01T18:00:00-07:00,0,0
..\global.js,79,js,2c53d34,你的名字,2026-05-01,18:00:00,-07:00,2026-05-01T18:00:00-07:00,0,32
..\global.js,80,js,2c53d34,你的名字,2026-05-01,18:00:00,-07:00,2026-05-01T18:00:00-07:00,0,2
..\global.js,81,js,2c53d34,你的名字,2026-05-01,18:00:00,-07:00,2026-05-01T18:00:00-07:00,0,0
..\global.js,82,js,2c53d34,你的名字,2026-05-01,18:00:00,-07:00,2026-05-01T18:00:00-07:00,0,42
..\global.js,83,js,2c53d34,你的名字,2026-05-01,18:00:00,-07:00,2026-05-01T18:00:00-07:00,0,0
..\global.js,84,js,2c53d34,你的名字,2026-05-01,18:00:00,-07:00,2026-05-01T18:00:00-07:00,0,0
..\global.js,85,js,2c53d34,你的名字,2026-05-01,18:00:00,-07:00,2026-05-01T18:00:00-07:00,0,41
..\global.js,86,js,2c53d34,你的名字,2026-05-01,18:00:00,-07:00,2026-05-01T18:00:00-07:00,0,0
..\global.js,87,js,2c53d34,你的名字,2026-05-01,18:00:00,-07:00,2026-05-01T18:00:00-07:00,0,10
..\global.js,88,js,2c53d34,你的名字,2026-05-01,18:00:00,-07:00,2026-05-01T18:00:00-07:00,0,49
..\global.js,89,js,2c53d34,你的名字,2026-05-01,18:00:00,-07:00,2026-05-01T18:00:00-07:00,0,28
..\global.js,90,js,2c53d34,你的名字,2026-05-01,18:00:00,-07:00,2026-05-01T18:00:00-07:00,0,32
..\global.js,91,js,2c53d34,你的名字,2026-05-01,18:00:00,-07:00,2026-05-01T18:00:00-07:00,0,26
..\global.js,92,js,2c53d34,你的名字,2026-05-01,18:00:00,-07:00,2026-05-01T18:00:00-07:00,0,0
..\global.js,93,js,2c53d34,你的名字,2026-05-01,18:00:00,-07:00,2026-05-01T18:00:00-07:00,0,108
..\global.js,94,js,2c53d34,你的名字,2026-05-01,18:00:00,-07:00,2026-05-01T18:00:00-07:00,0,0
..\global.js,95,js,2c53d34,你的名字,2026-05-01,18:00:00,-07:00,2026-05-01T18:00:00-07:00,0,17
..\global.js,96,js,2c53d34,你的名字,2026-05-01,18:00:00,-07:00,2026-05-01T18:00:00-07:00,0,2
..\global.js,97,js,2c53d34,你的名字,2026-05-01,18:00:00,-07:00,2026-05-01T18:00:00-07:00,0,0
..\global.js,98,js,2c53d34,你的名字,2026-05-01,18:00:00,-07:00,2026-05-01T18:00:00-07:00,0,0
..\global.js,99,js,2c53d34,你的名字,2026-05-01,18:00:00,-07:00,2026-05-01T18:00:00-07:00,0,37
..\global.js,100,js,2c53d34,你的名字,2026-05-01,18:00:00,-07:00,2026-05-01T18:00:00-07:00,0,4
..\global.js,101,js,2c53d34,你的名字,2026-05-01,18:00:00,-07:00,2026-05-01T18:00:00-07:00,0,33
..\global.js,102,js,2c53d34,你的名字,2026-05-01,18:00:00,-07:00,2026-05-01T18:00:00-07:00,0,0
..\global.js,103,js,2c53d34,你的名字,2026-05-01,18:00:00,-07:00,2026-05-01T18:00:00-07:00,0,18
..\global.js,104,js,2c53d34,你的名字,2026-05-01,18:00:00,-07:00,2026-05-01T18:00:00-07:00,0,39
..\global.js,105,js,2c53d34,你的名字,2026-05-01,18:00:00,-07:00,2026-05-01T18:00:00-07:00,0,0
..\global.js,106,js,2c53d34,你的名字,2026-05-01,18:00:00,-07:00,2026-05-01T18:00:00-07:00,0,0
..\global.js,107,js,2c53d34,你的名字,2026-05-01,18:00:00,-07:00,2026-05-01T18:00:00-07:00,0,34
..\global.js,108,js,2c53d34,你的名字,2026-05-01,18:00:00,-07:00,2026-05-01T18:00:00-07:00,0,11
..\global.js,109,js,2c53d34,你的名字,2026-05-01,18:00:00,-07:00,2026-05-01T18:00:00-07:00,0,16
..\global.js,110,js,2c53d34,你的名字,2026-05-01,18:00:00,-07:00,2026-05-01T18:00:00-07:00,0,20
..\global.js,111,js,2c53d34,你的名字,2026-05-01,18:00:00,-07:00,2026-05-01T18:00:00-07:00,0,0
..\global.js,112,js,2c53d34,你的名字,2026-05-01,18:00:00,-07:00,2026-05-01T18:00:00-07:00,0,0
..\global.js,113,js,2c53d34,你的名字,2026-05-01,18:00:00,-07:00,2026-05-01T18:00:00-07:00,0,0
..\global.js,114,js,2c53d34,你的名字,2026-05-01,18:00:00,-07:00,2026-05-01T18:00:00-07:00,0,73
..\global.js,115,js,2c53d34,你的名字,2026-05-01,18:00:00,-07:00,2026-05-01T18:00:00-07:00,0,24
..\global.js,116,js,2c53d34,你的名字,2026-05-01,18:00:00,-07:00,2026-05-01T18:00:00-07:00,0,0
..\global.js,117,js,2c53d34,你的名字,2026-05-01,18:00:00,-07:00,2026-05-01T18:00:00-07:00,0,24
..\global.js,118,js,2c53d34,你的名字,2026-05-01,18:00:00,-07:00,2026-05-01T18:00:00-07:00,0,49
..\global.js,119,js,2c53d34,你的名字,2026-05-01,18:00:00,-07:00,2026-05-01T18:00:00-07:00,0,0
..\global.js,120,js,2c53d34,你的名字,2026-05-01,18:00:00,-07:00,2026-05-01T18:00:00-07:00,0,20
..\global.js,121,js,2c53d34,你的名字,2026-05-01,18:00:00,-07:00,2026-05-01T18:00:00-07:00,0,44
..\global.js,122,js,2c53d34,你的名字,2026-05-01,18:00:00,-07:00,2026-05-01T18:00:00-07:00,0,36
..\global.js,123,js,2c53d34,你的名字,2026-05-01,18:00:00,-07:00,2026-05-01T18:00:00-07:00,0,38
..\global.js,124,js,2c53d34,你的名字,2026-05-01,18:00:00,-07:00,2026-05-01T18:00:00-07:00,0,43
..\global.js,125,js,2c53d34,你的名字,2026-05-01,18:00:00,-07:00,2026-05-01T18:00:00-07:00,0,1
..\global.js,126,js,2c53d34,你的名字,2026-05-01,18:00:00,-07:00,2026-05-01T18:00:00-07:00,0,0
..\global.js,127,js,2c53d34,你的名字,2026-05-01,18:00:00,-07:00,2026-05-01T18:00:00-07:00,0,30
..\global.js,128,js,2c53d34,你的名字,2026-05-01,18:00:00,-07:00,2026-05-01T18:00:00-07:00,0,0
..\global.js,129,js,2c53d34,你的名字,2026-05-01,18:00:00,-07:00,2026-05-01T18:00:00-07:00,0,0
..\global.js,130,js,2c53d34,你的名字,2026-05-01,18:00:00,-07:00,2026-05-01T18:00:00-07:00,0,0
..\global.js,131,js,2c53d34,你的名字,2026-05-01,18:00:00,-07:00,2026-05-01T18:00:00-07:00,0,48
..\global.js,132,js,2c53d34,你的名字,2026-05-01,18:00:00,-07:00,2026-05-01T18:00:00-07:00,0,60
..\global.js,133,js,2c53d34,你的名字,2026-05-01,18:00:00,-07:00,2026-05-01T18:00:00-07:00,0,0
..\cv.html,1,html,2c53d34,你的名字,2026-05-01,18:00:00,-07:00,2026-05-01T18:00:00-07:00,0,14
..\cv.html,2,html,2c53d34,你的名字,2026-05-01,18:00:00,-07:00,2026-05-01T18:00:00-07:00,0,5
..\cv.html,3,html,2c53d34,你的名字,2026-05-01,18:00:00,-07:00,2026-05-01T18:00:00-07:00,0,5
..\cv.html,4,html,2c53d34,你的名字,2026-05-01,18:00:00,-07:00,2026-05-01T18:00:00-07:00,0,30
..\cv.html,5,html,2c53d34,你的名字,2026-05-01,18:00:00,-07:00,2026-05-01T18:00:00-07:00,0,39
..\cv.html,6,html,2c53d34,你的名字,2026-05-01,18:00:00,-07:00,2026-05-01T18:00:00-07:00,0,6
..\cv.html,7,html,2c53d34,你的名字,2026-05-01,18:00:00,-07:00,2026-05-01T18:00:00-07:00,0,0
..\cv.html,8,html,2c53d34,你的名字,2026-05-01,18:00:00,-07:00,2026-05-01T18:00:00-07:00,0,5
..\cv.html,9,html,2c53d34,你的名字,2026-05-01,18:00:00,-07:00,2026-05-01T18:00:00-07:00,0,0
..\cv.html,10,html,2c53d34,你的名字,2026-05-01,18:00:00,-07:00,2026-05-01T18:00:00-07:00,0,24
..\cv.html,11,html,2c53d34,你的名字,2026-05-01,18:00:00,-07:00,2026-05-01T18:00:00-07:00,0,0
..\cv.html,12,html,2c53d34,你的名字,2026-05-01,18:00:00,-07:00,2026-05-01T18:00:00-07:00,0,8
..\cv.html,13,html,2c53d34,你的名字,2026-05-01,18:00:00,-07:00,2026-05-01T18:00:00-07:00,0,17
..\cv.html,14,html,2c53d34,你的名字,2026-05-01,18:00:00,-07:00,2026-05-01T18:00:00-07:00,0,48
..\cv.html,15,html,2c53d34,你的名字,2026-05-01,18:00:00,-07:00,2026-05-01T18:00:00-07:00,0,26
..\cv.html,16,html,2c53d34,你的名字,2026-05-01,18:00:00,-07:00,2026-05-01T18:00:00-07:00,0,9
..\cv.html,17,html,2c53d34,你的名字,2026-05-01,18:00:00,-07:00,2026-05-01T18:00:00-07:00,0,0
..\cv.html,18,html,2c53d34,你的名字,2026-05-01,18:00:00,-07:00,2026-05-01T18:00:00-07:00,0,8
..\cv.html,19,html,2c53d34,你的名字,2026-05-01,18:00:00,-07:00,2026-05-01T18:00:00-07:00,0,18
..\cv.html,20,html,2c53d34,你的名字,2026-05-01,18:00:00,-07:00,2026-05-01T18:00:00-07:00,0,28
..\cv.html,21,html,2c53d34,你的名字,2026-05-01,18:00:00,-07:00,2026-05-01T18:00:00-07:00,0,12
..\cv.html,22,html,2c53d34,你的名字,2026-05-01,18:00:00,-07:00,2026-05-01T18:00:00-07:00,0,34
..\cv.html,23,html,2c53d34,你的名字,2026-05-01,18:00:00,-07:00,2026-05-01T18:00:00-07:00,0,9
..\cv.html,24,html,2c53d34,你的名字,2026-05-01,18:00:00,-07:00,2026-05-01T18:00:00-07:00,0,0
..\cv.html,25,html,2c53d34,你的名字,2026-05-01,18:00:00,-07:00,2026-05-01T18:00:00-07:00,0,8
..\cv.html,26,html,2c53d34,你的名字,2026-05-01,18:00:00,-07:00,2026-05-01T18:00:00-07:00,0,14
..\cv.html,27,html,2c53d34,你的名字,2026-05-01,18:00:00,-07:00,2026-05-01T18:00:00-07:00,0,29
..\cv.html,28,html,2c53d34,你的名字,2026-05-01,18:00:00,-07:00,2026-05-01T18:00:00-07:00,0,9
..\cv.html,29,html,2c53d34,你的名字,2026-05-01,18:00:00,-07:00,2026-05-01T18:00:00-07:00,0,0
..\cv.html,30,html,2c53d34,你的名字,2026-05-01,18:00:00,-07:00,2026-05-01T18:00:00-07:00,0,0
..\cv.html,31,html,2c53d34,你的名字,2026-05-01,18:00:00,-07:00,2026-05-01T18:00:00-07:00,0,57
..\cv.html,32,html,2c53d34,你的名字,2026-05-01,18:00:00,-07:00,2026-05-01T18:00:00-07:00,0,6
..\cv.html,33,html,2c53d34,你的名字,2026-05-01,18:00:00,-07:00,2026-05-01T18:00:00-07:00,0,6
..\projects\projects.js,1,js,2c53d34,你的名字,2026-05-01,18:00:00,-07:00,2026-05-01T18:00:00-07:00,0,60
..\projects\projects.js,2,js,2c53d34,你的名字,2026-05-01,18:00:00,-07:00,2026-05-01T18:00:00-07:00,0,56
..\projects\projects.js,3,js,2c53d34,你的名字,2026-05-01,18:00:00,-07:00,2026-05-01T18:00:00-07:00,0,0
..\projects\projects.js,4,js,2c53d34,你的名字,2026-05-01,18:00:00,-07:00,2026-05-01T18:00:00-07:00,0,64
..\projects\projects.js,5,js,2c53d34,你的名字,2026-05-01,18:00:00,-07:00,2026-05-01T18:00:00-07:00,0,0
..\projects\projects.js,6,js,2c53d34,你的名字,2026-05-01,18:00:00,-07:00,2026-05-01T18:00:00-07:00,0,56
..\projects\projects.js,7,js,2c53d34,你的名字,2026-05-01,18:00:00,-07:00,2026-05-01T18:00:00-07:00,0,0
..\projects\projects.js,8,js,2c53d34,你的名字,2026-05-01,18:00:00,-07:00,2026-05-01T18:00:00-07:00,0,61
..\projects\projects.js,9,js,2c53d34,你的名字,2026-05-01,18:00:00,-07:00,2026-05-01T18:00:00-07:00,0,56
..\projects\projects.js,10,js,2c53d34,你的名字,2026-05-01,18:00:00,-07:00,2026-05-01T18:00:00-07:00,0,61
..\projects\projects.js,11,js,2c53d34,你的名字,2026-05-01,18:00:00,-07:00,2026-05-01T18:00:00-07:00,0,43
..\projects\projects.js,12,js,2c53d34,你的名字,2026-05-01,18:00:00,-07:00,2026-05-01T18:00:00-07:00,0,35
..\projects\projects.js,13,js,2c53d34,你的名字,2026-05-01,18:00:00,-07:00,2026-05-01T18:00:00-07:00,0,0
..\projects\projects.js,14,js,2c53d34,你的名字,2026-05-01,18:00:00,-07:00,2026-05-01T18:00:00-07:00,0,14
..\projects\projects.js,15,js,2c53d34,你的名字,2026-05-01,18:00:00,-07:00,2026-05-01T18:00:00-07:00,0,23
..\projects\projects.js,16,js,2c53d34,你的名字,2026-05-01,18:00:00,-07:00,2026-05-01T18:00:00-07:00,0,0
..\projects\projects.js,17,js,2c53d34,你的名字,2026-05-01,18:00:00,-07:00,2026-05-01T18:00:00-07:00,0,28
..\projects\projects.js,18,js,2c53d34,你的名字,2026-05-01,18:00:00,-07:00,2026-05-01T18:00:00-07:00,0,14
..\projects\projects.js,19,js,2c53d34,你的名字,2026-05-01,18:00:00,-07:00,2026-05-01T18:00:00-07:00,0,16
..\projects\projects.js,20,js,2c53d34,你的名字,2026-05-01,18:00:00,-07:00,2026-05-01T18:00:00-07:00,0,0
..\projects\projects.js,21,js,2c53d34,你的名字,2026-05-01,18:00:00,-07:00,2026-05-01T18:00:00-07:00,0,54
..\projects\projects.js,22,js,2c53d34,你的名字,2026-05-01,18:00:00,-07:00,2026-05-01T18:00:00-07:00,0,0
..\projects\projects.js,23,js,2c53d34,你的名字,2026-05-01,18:00:00,-07:00,2026-05-01T18:00:00-07:00,0,27
..\projects\projects.js,24,js,2c53d34,你的名字,2026-05-01,18:00:00,-07:00,2026-05-01T18:00:00-07:00,0,37
..\projects\projects.js,25,js,2c53d34,你的名字,2026-05-01,18:00:00,-07:00,2026-05-01T18:00:00-07:00,0,36
..\projects\projects.js,26,js,2c53d34,你的名字,2026-05-01,18:00:00,-07:00,2026-05-01T18:00:00-07:00,0,59
..\projects\projects.js,27,js,2c53d34,你的名字,2026-05-01,18:00:00,-07:00,2026-05-01T18:00:00-07:00,0,43
..\projects\projects.js,28,js,2c53d34,你的名字,2026-05-01,18:00:00,-07:00,2026-05-01T18:00:00-07:00,0,2
..\projects\projects.js,29,js,2c53d34,你的名字,2026-05-01,18:00:00,-07:00,2026-05-01T18:00:00-07:00,0,0
..\projects\projects.js,30,js,2c53d34,你的名字,2026-05-01,18:00:00,-07:00,2026-05-01T18:00:00-07:00,0,0
..\projects\projects.js,31,js,2c53d34,你的名字,2026-05-01,18:00:00,-07:00,2026-05-01T18:00:00-07:00,0,35
..\projects\projects.js,32,js,2c53d34,你的名字,2026-05-01,18:00:00,-07:00,2026-05-01T18:00:00-07:00,0,28
..\projects\projects.js,33,js,2c53d34,你的名字,2026-05-01,18:00:00,-07:00,2026-05-01T18:00:00-07:00,0,42
..\projects\projects.js,34,js,2c53d34,你的名字,2026-05-01,18:00:00,-07:00,2026-05-01T18:00:00-07:00,0,0
..\projects\projects.js,35,js,2c53d34,你的名字,2026-05-01,18:00:00,-07:00,2026-05-01T18:00:00-07:00,0,27
..\projects\projects.js,36,js,2c53d34,你的名字,2026-05-01,18:00:00,-07:00,2026-05-01T18:00:00-07:00,0,56
..\projects\projects.js,37,js,2c53d34,你的名字,2026-05-01,18:00:00,-07:00,2026-05-01T18:00:00-07:00,0,0
..\projects\projects.js,38,js,2c53d34,你的名字,2026-05-01,18:00:00,-07:00,2026-05-01T18:00:00-07:00,0,0
..\projects\projects.js,39,js,2c53d34,你的名字,2026-05-01,18:00:00,-07:00,2026-05-01T18:00:00-07:00,0,15
..\projects\projects.js,40,js,2c53d34,你的名字,2026-05-01,18:00:00,-07:00,2026-05-01T18:00:00-07:00,0,0
..\projects\projects.js,41,js,2c53d34,你的名字,2026-05-01,18:00:00,-07:00,2026-05-01T18:00:00-07:00,0,0
..\projects\projects.js,42,js,2c53d34,你的名字,2026-05-01,18:00:00,-07:00,2026-05-01T18:00:00-07:00,0,26
..\projects\projects.js,43,js,2c53d34,你的名字,2026-05-01,18:00:00,-07:00,2026-05-01T18:00:00-07:00,0,42
..\projects\projects.js,44,js,2c53d34,你的名字,2026-05-01,18:00:00,-07:00,2026-05-01T18:00:00-07:00,0,54
..\projects\projects.js,45,js,2c53d34,你的名字,2026-05-01,18:00:00,-07:00,2026-05-01T18:00:00-07:00,0,0
..\projects\projects.js,46,js,2c53d34,你的名字,2026-05-01,18:00:00,-07:00,2026-05-01T18:00:00-07:00,0,42
..\projects\projects.js,47,js,2c53d34,你的名字,2026-05-01,18:00:00,-07:00,2026-05-01T18:00:00-07:00,0,0
..\projects\projects.js,48,js,2c53d34,你的名字,2026-05-01,18:00:00,-07:00,2026-05-01T18:00:00-07:00,0,0
..\projects\projects.js,49,js,2c53d34,你的名字,2026-05-01,18:00:00,-07:00,2026-05-01T18:00:00-07:00,0,17
..\projects\projects.js,50,js,2c53d34,你的名字,2026-05-01,18:00:00,-07:00,2026-05-01T18:00:00-07:00,0,39
..\projects\projects.js,51,js,2c53d34,你的名字,2026-05-01,18:00:00,-07:00,2026-05-01T18:00:00-07:00,0,0
..\projects\projects.js,52,js,2c53d34,你的名字,2026-05-01,18:00:00,-07:00,2026-05-01T18:00:00-07:00,0,27
..\projects\projects.js,53,js,2c53d34,你的名字,2026-05-01,18:00:00,-07:00,2026-05-01T18:00:00-07:00,0,13
..\projects\projects.js,54,js,2c53d34,你的名字,2026-05-01,18:00:00,-07:00,2026-05-01T18:00:00-07:00,0,13
..\projects\projects.js,55,js,2c53d34,你的名字,2026-05-01,18:00:00,-07:00,2026-05-01T18:00:00-07:00,0,10
..\projects\projects.js,56,js,2c53d34,你的名字,2026-05-01,18:00:00,-07:00,2026-05-01T18:00:00-07:00,0,1
..\projects\projects.js,57,js,2c53d34,你的名字,2026-05-01,18:00:00,-07:00,2026-05-01T18:00:00-07:00,0,0
..\projects\projects.js,58,js,2c53d34,你的名字,2026-05-01,18:00:00,-07:00,2026-05-01T18:00:00-07:00,0,46
..\projects\projects.js,59,js,2c53d34,你的名字,2026-05-01,18:00:00,-07:00,2026-05-01T18:00:00-07:00,0,11
..\projects\projects.js,60,js,2c53d34,你的名字,2026-05-01,18:00:00,-07:00,2026-05-01T18:00:00-07:00,0,11
..\projects\projects.js,61,js,2c53d34,你的名字,2026-05-01,18:00:00,-07:00,2026-05-01T18:00:00-07:00,0,3
..\projects\projects.js,62,js,2c53d34,你的名字,2026-05-01,18:00:00,-07:00,2026-05-01T18:00:00-07:00,0,0
..\projects\projects.js,63,js,2c53d34,你的名字,2026-05-01,18:00:00,-07:00,2026-05-01T18:00:00-07:00,0,56
..\projects\projects.js,64,js,2c53d34,你的名字,2026-05-01,18:00:00,-07:00,2026-05-01T18:00:00-07:00,0,27
..\projects\projects.js,65,js,2c53d34,你的名字,2026-05-01,18:00:00,-07:00,2026-05-01T18:00:00-07:00,0,0
..\projects\projects.js,66,js,2c53d34,你的名字,2026-05-01,18:00:00,-07:00,2026-05-01T18:00:00-07:00,0,38
..\projects\projects.js,67,js,2c53d34,你的名字,2026-05-01,18:00:00,-07:00,2026-05-01T18:00:00-07:00,0,23
..\projects\projects.js,68,js,2c53d34,你的名字,2026-05-01,18:00:00,-07:00,2026-05-01T18:00:00-07:00,0,0
..\projects\projects.js,69,js,2c53d34,你的名字,2026-05-01,18:00:00,-07:00,2026-05-01T18:00:00-07:00,0,30
..\projects\projects.js,70,js,2c53d34,你的名字,2026-05-01,18:00:00,-07:00,2026-05-01T18:00:00-07:00,0,31
..\projects\projects.js,71,js,2c53d34,你的名字,2026-05-01,18:00:00,-07:00,2026-05-01T18:00:00-07:00,0,0
..\projects\projects.js,72,js,2c53d34,你的名字,2026-05-01,18:00:00,-07:00,2026-05-01T18:00:00-07:00,0,20
..\projects\projects.js,73,js,2c53d34,你的名字,2026-05-01,18:00:00,-07:00,2026-05-01T18:00:00-07:00,0,23
..\projects\projects.js,74,js,2c53d34,你的名字,2026-05-01,18:00:00,-07:00,2026-05-01T18:00:00-07:00,0,23
..\projects\projects.js,75,js,2c53d34,你的名字,2026-05-01,18:00:00,-07:00,2026-05-01T18:00:00-07:00,0,0
..\projects\projects.js,76,js,2c53d34,你的名字,2026-05-01,18:00:00,-07:00,2026-05-01T18:00:00-07:00,0,17
..\projects\projects.js,77,js,2c53d34,你的名字,2026-05-01,18:00:00,-07:00,2026-05-01T18:00:00-07:00,0,26
..\projects\projects.js,78,js,2c53d34,你的名字,2026-05-01,18:00:00,-07:00,2026-05-01T18:00:00-07:00,0,30
..\projects\projects.js,79,js,2c53d34,你的名字,2026-05-01,18:00:00,-07:00,2026-05-01T18:00:00-07:00,0,54
..\projects\projects.js,80,js,2c53d34,你的名字,2026-05-01,18:00:00,-07:00,2026-05-01T18:00:00-07:00,0,19
..\projects\projects.js,81,js,2c53d34,你的名字,2026-05-01,18:00:00,-07:00,2026-05-01T18:00:00-07:00,0,50
..\projects\projects.js,82,js,2c53d34,你的名字,2026-05-01,18:00:00,-07:00,2026-05-01T18:00:00-07:00,0,12
..\projects\projects.js,83,js,2c53d34,你的名字,2026-05-01,18:00:00,-07:00,2026-05-01T18:00:00-07:00,0,2
..\projects\projects.js,84,js,2c53d34,你的名字,2026-05-01,18:00:00,-07:00,2026-05-01T18:00:00-07:00,0,2
..\projects\projects.js,85,js,2c53d34,你的名字,2026-05-01,18:00:00,-07:00,2026-05-01T18:00:00-07:00,0,0
..\projects\projects.js,86,js,2c53d34,你的名字,2026-05-01,18:00:00,-07:00,2026-05-01T18:00:00-07:00,0,20
..\projects\projects.js,87,js,2c53d34,你的名字,2026-05-01,18:00:00,-07:00,2026-05-01T18:00:00-07:00,0,18
..\projects\projects.js,88,js,2c53d34,你的名字,2026-05-01,18:00:00,-07:00,2026-05-01T18:00:00-07:00,0,0
..\projects\projects.js,89,js,2c53d34,你的名字,2026-05-01,18:00:00,-07:00,2026-05-01T18:00:00-07:00,0,18
..\projects\projects.js,90,js,2c53d34,你的名字,2026-05-01,18:00:00,-07:00,2026-05-01T18:00:00-07:00,0,44
..\projects\projects.js,91,js,2c53d34,你的名字,2026-05-01,18:00:00,-07:00,2026-05-01T18:00:00-07:00,0,54
..\projects\projects.js,92,js,2c53d34,你的名字,2026-05-01,18:00:00,-07:00,2026-05-01T18:00:00-07:00,0,69
..\projects\projects.js,93,js,2c53d34,你的名字,2026-05-01,18:00:00,-07:00,2026-05-01T18:00:00-07:00,0,19
..\projects\projects.js,94,js,2c53d34,你的名字,2026-05-01,18:00:00,-07:00,2026-05-01T18:00:00-07:00,0,50
..\projects\projects.js,95,js,2c53d34,你的名字,2026-05-01,18:00:00,-07:00,2026-05-01T18:00:00-07:00,0,12
..\projects\projects.js,96,js,2c53d34,你的名字,2026-05-01,18:00:00,-07:00,2026-05-01T18:00:00-07:00,0,2
..\projects\projects.js,97,js,2c53d34,你的名字,2026-05-01,18:00:00,-07:00,2026-05-01T18:00:00-07:00,0,2
..\projects\projects.js,98,js,2c53d34,你的名字,2026-05-01,18:00:00,-07:00,2026-05-01T18:00:00-07:00,0,0
..\projects\projects.js,99,js,2c53d34,你的名字,2026-05-01,18:00:00,-07:00,2026-05-01T18:00:00-07:00,0,0
..\projects\projects.js,100,js,2c53d34,你的名字,2026-05-01,18:00:00,-07:00,2026-05-01T18:00:00-07:00,0,20
..\projects\projects.js,101,js,2c53d34,你的名字,2026-05-01,18:00:00,-07:00,2026-05-01T18:00:00-07:00,0,22
..\projects\projects.js,102,js,2c53d34,你的名字,2026-05-01,18:00:00,-07:00,2026-05-01T18:00:00-07:00,0,0
..\projects\projects.js,103,js,2c53d34,你的名字,2026-05-01,18:00:00,-07:00,2026-05-01T18:00:00-07:00,0,50
..\projects\projects.js,104,js,2c53d34,你的名字,2026-05-01,18:00:00,-07:00,2026-05-01T18:00:00-07:00,0,40
..\projects\projects.js,105,js,2c53d34,你的名字,2026-05-01,18:00:00,-07:00,2026-05-01T18:00:00-07:00,0,0
..\projects\projects.js,106,js,2c53d34,你的名字,2026-05-01,18:00:00,-07:00,2026-05-01T18:00:00-07:00,0,32
..\projects\projects.js,107,js,2c53d34,你的名字,2026-05-01,18:00:00,-07:00,2026-05-01T18:00:00-07:00,0,30
..\projects\projects.js,108,js,2c53d34,你的名字,2026-05-01,18:00:00,-07:00,2026-05-01T18:00:00-07:00,0,0
..\projects\projects.js,109,js,2c53d34,你的名字,2026-05-01,18:00:00,-07:00,2026-05-01T18:00:00-07:00,0,0
..\projects\projects.js,110,js,2c53d34,你的名字,2026-05-01,18:00:00,-07:00,2026-05-01T18:00:00-07:00,0,20
..\projects\projects.js,111,js,2c53d34,你的名字,2026-05-01,18:00:00,-07:00,2026-05-01T18:00:00-07:00,0,45
..\projects\projects.js,112,js,2c53d34,你的名字,2026-05-01,18:00:00,-07:00,2026-05-01T18:00:00-07:00,0,22
..\projects\projects.js,113,js,2c53d34,你的名字,2026-05-01,18:00:00,-07:00,2026-05-01T18:00:00-07:00,0,19
..\projects\projects.js,114,js,2c53d34,你的名字,2026-05-01,18:00:00,-07:00,2026-05-01T18:00:00-07:00,0,12
..\projects\projects.js,115,js,2c53d34,你的名字,2026-05-01,18:00:00,-07:00,2026-05-01T18:00:00-07:00,0,2
..\projects\projects.js,116,js,2c53d34,你的名字,2026-05-01,18:00:00,-07:00,2026-05-01T18:00:00-07:00,0,0
..\projects\projects.js,117,js,2c53d34,你的名字,2026-05-01,18:00:00,-07:00,2026-05-01T18:00:00-07:00,0,18
..\projects\projects.js,118,js,2c53d34,你的名字,2026-05-01,18:00:00,-07:00,2026-05-01T18:00:00-07:00,0,12
..\projects\index.html,1,html,2c53d34,你的名字,2026-05-01,18:00:00,-07:00,2026-05-01T18:00:00-07:00,0,14
..\projects\index.html,2,html,2c53d34,你的名字,2026-05-01,18:00:00,-07:00,2026-05-01T18:00:00-07:00,0,5
..\projects\index.html,3,html,2c53d34,你的名字,2026-05-01,18:00:00,-07:00,2026-05-01T18:00:00-07:00,0,5
..\projects\index.html,4,html,2c53d34,你的名字,2026-05-01,18:00:00,-07:00,2026-05-01T18:00:00-07:00,0,22
..\projects\index.html,5,html,2c53d34,你的名字,2026-05-01,18:00:00,-07:00,2026-05-01T18:00:00-07:00,0,42
..\projects\index.html,6,html,2c53d34,你的名字,2026-05-01,18:00:00,-07:00,2026-05-01T18:00:00-07:00,0,6
..\projects\index.html,7,html,2c53d34,你的名字,2026-05-01,18:00:00,-07:00,2026-05-01T18:00:00-07:00,0,0
..\projects\index.html,8,html,2c53d34,你的名字,2026-05-01,18:00:00,-07:00,2026-05-01T18:00:00-07:00,0,5
..\projects\index.html,9,html,2c53d34,你的名字,2026-05-01,18:00:00,-07:00,2026-05-01T18:00:00-07:00,0,0
..\projects\index.html,10,html,2c53d34,你的名字,2026-05-01,18:00:00,-07:00,2026-05-01T18:00:00-07:00,0,53
..\projects\index.html,11,html,2c53d34,你的名字,2026-05-01,18:00:00,-07:00,2026-05-01T18:00:00-07:00,0,0
..\projects\index.html,12,html,2c53d34,你的名字,2026-05-01,18:00:00,-07:00,2026-05-01T18:00:00-07:00,0,28
..\projects\index.html,13,html,2c53d34,你的名字,2026-05-01,18:00:00,-07:00,2026-05-01T18:00:00-07:00,0,59
..\projects\index.html,14,html,2c53d34,你的名字,2026-05-01,18:00:00,-07:00,2026-05-01T18:00:00-07:00,0,23
..\projects\index.html,15,html,2c53d34,你的名字,2026-05-01,18:00:00,-07:00,2026-05-01T18:00:00-07:00,0,5
..\projects\index.html,16,html,2c53d34,你的名字,2026-05-01,18:00:00,-07:00,2026-05-01T18:00:00-07:00,0,0
..\projects\index.html,17,html,2c53d34,你的名字,2026-05-01,18:00:00,-07:00,2026-05-01T18:00:00-07:00,0,5
..\projects\index.html,18,html,2c53d34,你的名字,2026-05-01,18:00:00,-07:00,2026-05-01T18:00:00-07:00,0,16
..\projects\index.html,19,html,2c53d34,你的名字,2026-05-01,18:00:00,-07:00,2026-05-01T18:00:00-07:00,0,12
..\projects\index.html,20,html,2c53d34,你的名字,2026-05-01,18:00:00,-07:00,2026-05-01T18:00:00-07:00,0,27
..\projects\index.html,21,html,2c53d34,你的名字,2026-05-01,18:00:00,-07:00,2026-05-01T18:00:00-07:00,0,34
..\projects\index.html,22,html,2c53d34,你的名字,2026-05-01,18:00:00,-07:00,2026-05-01T18:00:00-07:00,0,0
..\projects\index.html,23,html,2c53d34,你的名字,2026-05-01,18:00:00,-07:00,2026-05-01T18:00:00-07:00,0,0
..\projects\index.html,24,html,2c53d34,你的名字,2026-05-01,18:00:00,-07:00,2026-05-01T18:00:00-07:00,0,27
..\projects\index.html,25,html,2c53d34,你的名字,2026-05-01,18:00:00,-07:00,2026-05-01T18:00:00-07:00,0,0
..\projects\index.html,26,html,2c53d34,你的名字,2026-05-01,18:00:00,-07:00,2026-05-01T18:00:00-07:00,0,49
..\projects\index.html,27,html,2c53d34,你的名字,2026-05-01,18:00:00,-07:00,2026-05-01T18:00:00-07:00,0,48
..\projects\index.html,28,html,2c53d34,你的名字,2026-05-01,18:00:00,-07:00,2026-05-01T18:00:00-07:00,0,0
..\projects\index.html,29,html,2c53d34,你的名字,2026-05-01,18:00:00,-07:00,2026-05-01T18:00:00-07:00,0,6
..\projects\index.html,30,html,2c53d34,你的名字,2026-05-01,18:00:00,-07:00,2026-05-01T18:00:00-07:00,0,6
..\contact\index.html,1,html,2c53d34,你的名字,2026-05-01,18:00:00,-07:00,2026-05-01T18:00:00-07:00,0,14
..\contact\index.html,2,html,2c53d34,你的名字,2026-05-01,18:00:00,-07:00,2026-05-01T18:00:00-07:00,0,5
..\contact\index.html,3,html,2c53d34,你的名字,2026-05-01,18:00:00,-07:00,2026-05-01T18:00:00-07:00,0,5
..\contact\index.html,4,html,2c53d34,你的名字,2026-05-01,18:00:00,-07:00,2026-05-01T18:00:00-07:00,0,21
..\contact\index.html,5,html,2c53d34,你的名字,2026-05-01,18:00:00,-07:00,2026-05-01T18:00:00-07:00,0,42
..\contact\index.html,6,html,2c53d34,你的名字,2026-05-01,18:00:00,-07:00,2026-05-01T18:00:00-07:00,0,6
..\contact\index.html,7,html,2c53d34,你的名字,2026-05-01,18:00:00,-07:00,2026-05-01T18:00:00-07:00,0,5
..\contact\index.html,8,html,2c53d34,你的名字,2026-05-01,18:00:00,-07:00,2026-05-01T18:00:00-07:00,0,0
..\contact\index.html,9,html,2c53d34,你的名字,2026-05-01,18:00:00,-07:00,2026-05-01T18:00:00-07:00,0,0
..\contact\index.html,10,html,2c53d34,你的名字,2026-05-01,18:00:00,-07:00,2026-05-01T18:00:00-07:00,0,15
..\contact\index.html,11,html,2c53d34,你的名字,2026-05-01,18:00:00,-07:00,2026-05-01T18:00:00-07:00,0,0
..\contact\index.html,12,html,2c53d34,你的名字,2026-05-01,18:00:00,-07:00,2026-05-01T18:00:00-07:00,0,52
..\contact\index.html,13,html,2c53d34,你的名字,2026-05-01,18:00:00,-07:00,2026-05-01T18:00:00-07:00,0,0
..\contact\index.html,14,html,2c53d34,你的名字,2026-05-01,18:00:00,-07:00,2026-05-01T18:00:00-07:00,0,12
..\contact\index.html,15,html,2c53d34,你的名字,2026-05-01,18:00:00,-07:00,2026-05-01T18:00:00-07:00,0,32
..\contact\index.html,16,html,2c53d34,你的名字,2026-05-01,18:00:00,-07:00,2026-05-01T18:00:00-07:00,0,7
..\contact\index.html,17,html,2c53d34,你的名字,2026-05-01,18:00:00,-07:00,2026-05-01T18:00:00-07:00,0,0
..\contact\index.html,18,html,2c53d34,你的名字,2026-05-01,18:00:00,-07:00,2026-05-01T18:00:00-07:00,0,14
..\contact\index.html,19,html,2c53d34,你的名字,2026-05-01,18:00:00,-07:00,2026-05-01T18:00:00-07:00,0,21
..\contact\index.html,20,html,2c53d34,你的名字,2026-05-01,18:00:00,-07:00,2026-05-01T18:00:00-07:00,0,7
..\contact\index.html,21,html,2c53d34,你的名字,2026-05-01,18:00:00,-07:00,2026-05-01T18:00:00-07:00,0,0
..\contact\index.html,22,html,2c53d34,你的名字,2026-05-01,18:00:00,-07:00,2026-05-01T18:00:00-07:00,0,14
..\contact\index.html,23,html,2c53d34,你的名字,2026-05-01,18:00:00,-07:00,2026-05-01T18:00:00-07:00,0,32
..\contact\index.html,24,html,2c53d34,你的名字,2026-05-01,18:00:00,-07:00,2026-05-01T18:00:00-07:00,0,7
..\contact\index.html,25,html,2c53d34,你的名字,2026-05-01,18:00:00,-07:00,2026-05-01T18:00:00-07:00,0,0
..\contact\index.html,26,html,2c53d34,你的名字,2026-05-01,18:00:00,-07:00,2026-05-01T18:00:00-07:00,0,20
..\contact\index.html,27,html,2c53d34,你的名字,2026-05-01,18:00:00,-07:00,2026-05-01T18:00:00-07:00,0,0
..\contact\index.html,28,html,2c53d34,你的名字,2026-05-01,18:00:00,-07:00,2026-05-01T18:00:00-07:00,0,6
..\contact\index.html,29,html,2c53d34,你的名字,2026-05-01,18:00:00,-07:00,2026-05-01T18:00:00-07:00,0,0
..\contact\index.html,30,html,2c53d34,你的名字,2026-05-01,18:00:00,-07:00,2026-05-01T18:00:00-07:00,0,57
..\contact\index.html,31,html,2c53d34,你的名字,2026-05-01,18:00:00,-07:00,2026-05-01T18:00:00-07:00,0,6
..\contact\index.html,32,html,2c53d34,你的名字,2026-05-01,18:00:00,-07:00,2026-05-01T18:00:00-07:00,0,6
main.js,1,js,2c53d34,你的名字,2026-05-01,18:00:00,-07:00,2026-05-01T18:00:00-07:00,0,60
main.js,2,js,2c53d34,你的名字,2026-05-01,18:00:00,-07:00,2026-05-01T18:00:00-07:00,0,73
main.js,3,js,2c53d34,你的名字,2026-05-01,18:00:00,-07:00,2026-05-01T18:00:00-07:00,0,0
main.js,4,js,2c53d34,你的名字,2026-05-01,18:00:00,-07:00,2026-05-01T18:00:00-07:00,0,24
main.js,5,js,2c53d34,你的名字,2026-05-01,18:00:00,-07:00,2026-05-01T18:00:00-07:00,0,10
main.js,6,js,2c53d34,你的名字,2026-05-01,18:00:00,-07:00,2026-05-01T18:00:00-07:00,0,10
main.js,7,js,2c53d34,你的名字,2026-05-01,18:00:00,-07:00,2026-05-01T18:00:00-07:00,0,11
main.js,8,js,2c53d34,你的名字,2026-05-01,18:00:00,-07:00,2026-05-01T18:00:00-07:00,0,24
main.js,9,js,2c53d34,你的名字,2026-05-01,18:00:00,-07:00,2026-05-01T18:00:00-07:00,0,17
main.js,10,js,2c53d34,你的名字,2026-05-01,18:00:00,-07:00,2026-05-01T18:00:00-07:00,0,13
main.js,11,js,2c53d34,你的名字,2026-05-01,18:00:00,-07:00,2026-05-01T18:00:00-07:00,0,19
main.js,12,js,2c53d34,你的名字,2026-05-01,18:00:00,-07:00,2026-05-01T18:00:00-07:00,0,0
main.js,13,js,2c53d34,你的名字,2026-05-01,18:00:00,-07:00,2026-05-01T18:00:00-07:00,0,11
main.js,14,js,2c53d34,你的名字,2026-05-01,18:00:00,-07:00,2026-05-01T18:00:00-07:00,0,35
main.js,15,js,2c53d34,你的名字,2026-05-01,18:00:00,-07:00,2026-05-01T18:00:00-07:00,0,0
main.js,16,js,2c53d34,你的名字,2026-05-01,18:00:00,-07:00,2026-05-01T18:00:00-07:00,0,26
main.js,17,js,2c53d34,你的名字,2026-05-01,18:00:00,-07:00,2026-05-01T18:00:00-07:00,0,0
main.js,18,js,2c53d34,你的名字,2026-05-01,18:00:00,-07:00,2026-05-01T18:00:00-07:00,0,47
main.js,19,js,2c53d34,你的名字,2026-05-01,18:00:00,-07:00,2026-05-01T18:00:00-07:00,0,6
main.js,20,js,2c53d34,你的名字,2026-05-01,18:00:00,-07:00,2026-05-01T18:00:00-07:00,0,0
main.js,21,js,2c53d34,你的名字,2026-05-01,18:00:00,-07:00,2026-05-01T18:00:00-07:00,0,22
main.js,22,js,2c53d34,你的名字,2026-05-01,18:00:00,-07:00,2026-05-01T18:00:00-07:00,0,24
main.js,23,js,2c53d34,你的名字,2026-05-01,18:00:00,-07:00,2026-05-01T18:00:00-07:00,0,26
main.js,24,js,2c53d34,你的名字,2026-05-01,18:00:00,-07:00,2026-05-01T18:00:00-07:00,0,0
main.js,25,js,2c53d34,你的名字,2026-05-01,18:00:00,-07:00,2026-05-01T18:00:00-07:00,0,24
main.js,26,js,2c53d34,你的名字,2026-05-01,18:00:00,-07:00,2026-05-01T18:00:00-07:00,0,0
main.js,27,js,2c53d34,你的名字,2026-05-01,18:00:00,-07:00,2026-05-01T18:00:00-07:00,0,18
main.js,28,js,38072a6d,你的名字,2026-05-02,14:00:00,-07:00,2026-05-02T14:00:00-07:00,0,24
main.js,29,js,2c53d34,你的名字,2026-05-01,18:00:00,-07:00,2026-05-01T18:00:00-07:00,0,1
main.js,30,js,2c53d34,你的名字,2026-05-01,18:00:00,-07:00,2026-05-01T18:00:00-07:00,0,3
main.js,31,js,2c53d34,你的名字,2026-05-01,18:00:00,-07:00,2026-05-01T18:00:00-07:00,0,0
main.js,32,js,2c53d34,你的名字,2026-05-01,18:00:00,-07:00,2026-05-01T18:00:00-07:00,0,11
main.js,33,js,2c53d34,你的名字,2026-05-01,18:00:00,-07:00,2026-05-01T18:00:00-07:00,0,0
main.js,34,js,2c53d34,你的名字,2026-05-01,18:00:00,-07:00,2026-05-01T18:00:00-07:00,0,0
main.js,35,js,2c53d34,你的名字,2026-05-01,18:00:00,-07:00,2026-05-01T18:00:00-07:00,0,30
main.js,36,js,2c53d34,你的名字,2026-05-01,18:00:00,-07:00,2026-05-01T18:00:00-07:00,0,0
main.js,37,js,2c53d34,你的名字,2026-05-01,18:00:00,-07:00,2026-05-01T18:00:00-07:00,0,8
main.js,38,js,2c53d34,你的名字,2026-05-01,18:00:00,-07:00,2026-05-01T18:00:00-07:00,0,27
main.js,39,js,2c53d34,你的名字,2026-05-01,18:00:00,-07:00,2026-05-01T18:00:00-07:00,0,26
main.js,40,js,2c53d34,你的名字,2026-05-01,18:00:00,-07:00,2026-05-01T18:00:00-07:00,0,0
main.js,41,js,2c53d34,你的名字,2026-05-01,18:00:00,-07:00,2026-05-01T18:00:00-07:00,0,20
main.js,42,js,2c53d34,你的名字,2026-05-01,18:00:00,-07:00,2026-05-01T18:00:00-07:00,0,0
main.js,43,js,2c53d34,你的名字,2026-05-01,18:00:00,-07:00,2026-05-01T18:00:00-07:00,0,4
main.js,44,js,2c53d34,你的名字,2026-05-01,18:00:00,-07:00,2026-05-01T18:00:00-07:00,0,6
main.js,45,js,2c53d34,你的名字,2026-05-01,18:00:00,-07:00,2026-05-01T18:00:00-07:00,0,4
main.js,46,js,2c53d34,你的名字,2026-05-01,18:00:00,-07:00,2026-05-01T18:00:00-07:00,0,4
main.js,47,js,2c53d34,你的名字,2026-05-01,18:00:00,-07:00,2026-05-01T18:00:00-07:00,0,8
main.js,48,js,2c53d34,你的名字,2026-05-01,18:00:00,-07:00,2026-05-01T18:00:00-07:00,0,7
main.js,49,js,2c53d34,你的名字,2026-05-01,18:00:00,-07:00,2026-05-01T18:00:00-07:00,0,9
main.js,50,js,2c53d34,你的名字,2026-05-01,18:00:00,-07:00,2026-05-01T18:00:00-07:00,0,0
main.js,51,js,2c53d34,你的名字,2026-05-01,18:00:00,-07:00,2026-05-01T18:00:00-07:00,0,10
main.js,52,js,2c53d34,你的名字,2026-05-01,18:00:00,-07:00,2026-05-01T18:00:00-07:00,0,0
main.js,53,js,2c53d34,你的名字,2026-05-01,18:00:00,-07:00,2026-05-01T18:00:00-07:00,0,10
main.js,54,js,2c53d34,你的名字,2026-05-01,18:00:00,-07:00,2026-05-01T18:00:00-07:00,0,0
main.js,55,js,2c53d34,你的名字,2026-05-01,18:00:00,-07:00,2026-05-01T18:00:00-07:00,0,3
main.js,56,js,2c53d34,你的名字,2026-05-01,18:00:00,-07:00,2026-05-01T18:00:00-07:00,0,52
main.js,57,js,2c53d34,你的名字,2026-05-01,18:00:00,-07:00,2026-05-01T18:00:00-07:00,0,6
main.js,58,js,2c53d34,你的名字,2026-05-01,18:00:00,-07:00,2026-05-01T18:00:00-07:00,0,0
main.js,59,js,2c53d34,你的名字,2026-05-01,18:00:00,-07:00,2026-05-01T18:00:00-07:00,0,6
main.js,60,js,2c53d34,你的名字,2026-05-01,18:00:00,-07:00,2026-05-01T18:00:00-07:00,0,4
main.js,61,js,2c53d34,你的名字,2026-05-01,18:00:00,-07:00,2026-05-01T18:00:00-07:00,0,4
main.js,62,js,2c53d34,你的名字,2026-05-01,18:00:00,-07:00,2026-05-01T18:00:00-07:00,0,8
main.js,63,js,2c53d34,你的名字,2026-05-01,18:00:00,-07:00,2026-05-01T18:00:00-07:00,0,8
main.js,64,js,2c53d34,你的名字,2026-05-01,18:00:00,-07:00,2026-05-01T18:00:00-07:00,0,0
main.js,65,js,2c53d34,你的名字,2026-05-01,18:00:00,-07:00,2026-05-01T18:00:00-07:00,0,8
main.js,66,js,2c53d34,你的名字,2026-05-01,18:00:00,-07:00,2026-05-01T18:00:00-07:00,0,20
main.js,67,js,2c53d34,你的名字,2026-05-01,18:00:00,-07:00,2026-05-01T18:00:00-07:00,0,26
main.js,68,js,2c53d34,你的名字,2026-05-01,18:00:00,-07:00,2026-05-01T18:00:00-07:00,0,0
main.js,69,js,2c53d34,你的名字,2026-05-01,18:00:00,-07:00,2026-05-01T18:00:00-07:00,0,24
main.js,70,js,2c53d34,你的名字,2026-05-01,18:00:00,-07:00,2026-05-01T18:00:00-07:00,0,1
main.js,71,js,38072a6d,你的名字,2026-05-02,14:00:00,-07:00,2026-05-02T14:00:00-07:00,0,0
main.js,72,js,38072a6d,你的名字,2026-05-02,14:00:00,-07:00,2026-05-02T14:00:00-07:00,0,36
main.js,73,js,38072a6d,你的名字,2026-05-02,14:00:00,-07:00,2026-05-02T14:00:00-07:00,0,12
main.js,74,js,38072a6d,你的名字,2026-05-02,14:00:00,-07:00,2026-05-02T14:00:00-07:00,0,14
main.js,75,js,38072a6d,你的名字,2026-05-02,14:00:00,-07:00,2026-05-02T14:00:00-07:00,0,18
main.js,76,js,38072a6d,你的名字,2026-05-02,14:00:00,-07:00,2026-05-02T14:00:00-07:00,0,17
main.js,77,js,38072a6d,你的名字,2026-05-02,14:00:00,-07:00,2026-05-02T14:00:00-07:00,0,2
main.js,78,js,38072a6d,你的名字,2026-05-02,14:00:00,-07:00,2026-05-02T14:00:00-07:00,0,0
main.js,79,js,38072a6d,你的名字,2026-05-02,14:00:00,-07:00,2026-05-02T14:00:00-07:00,0,10
main.js,80,js,2c53d34,你的名字,2026-05-01,18:00:00,-07:00,2026-05-01T18:00:00-07:00,0,2
main.js,81,js,2c53d34,你的名字,2026-05-01,18:00:00,-07:00,2026-05-01T18:00:00-07:00,0,0
main.js,82,js,2c53d34,你的名字,2026-05-01,18:00:00,-07:00,2026-05-01T18:00:00-07:00,0,0
main.js,83,js,2c53d34,你的名字,2026-05-01,18:00:00,-07:00,2026-05-01T18:00:00-07:00,0,41
main.js,84,js,2c53d34,你的名字,2026-05-01,18:00:00,-07:00,2026-05-01T18:00:00-07:00,0,0
main.js,85,js,2c53d34,你的名字,2026-05-01,18:00:00,-07:00,2026-05-01T18:00:00-07:00,0,12
main.js,86,js,2c53d34,你的名字,2026-05-01,18:00:00,-07:00,2026-05-01T18:00:00-07:00,0,16
main.js,87,js,2c53d34,你的名字,2026-05-01,18:00:00,-07:00,2026-05-01T18:00:00-07:00,0,12
main.js,88,js,2c53d34,你的名字,2026-05-01,18:00:00,-07:00,2026-05-01T18:00:00-07:00,0,23
main.js,89,js,2c53d34,你的名字,2026-05-01,18:00:00,-07:00,2026-05-01T18:00:00-07:00,0,0
main.js,90,js,2c53d34,你的名字,2026-05-01,18:00:00,-07:00,2026-05-01T18:00:00-07:00,0,14
main.js,91,js,2c53d34,你的名字,2026-05-01,18:00:00,-07:00,2026-05-01T18:00:00-07:00,0,53
main.js,92,js,2c53d34,你的名字,2026-05-01,18:00:00,-07:00,2026-05-01T18:00:00-07:00,0,0
main.js,93,js,2c53d34,你的名字,2026-05-01,18:00:00,-07:00,2026-05-01T18:00:00-07:00,0,14
main.js,94,js,2c53d34,你的名字,2026-05-01,18:00:00,-07:00,2026-05-01T18:00:00-07:00,0,18
main.js,95,js,2c53d34,你的名字,2026-05-01,18:00:00,-07:00,2026-05-01T18:00:00-07:00,0,0
main.js,96,js,2c53d34,你的名字,2026-05-01,18:00:00,-07:00,2026-05-01T18:00:00-07:00,0,14
main.js,97,js,2c53d34,你的名字,2026-05-01,18:00:00,-07:00,2026-05-01T18:00:00-07:00,0,22
main.js,98,js,2c53d34,你的名字,2026-05-01,18:00:00,-07:00,2026-05-01T18:00:00-07:00,0,0
main.js,99,js,2c53d34,你的名字,2026-05-01,18:00:00,-07:00,2026-05-01T18:00:00-07:00,0,14
main.js,100,js,2c53d34,你的名字,2026-05-01,18:00:00,-07:00,2026-05-01T18:00:00-07:00,0,21
main.js,101,js,2c53d34,你的名字,2026-05-01,18:00:00,-07:00,2026-05-01T18:00:00-07:00,0,0
main.js,102,js,2c53d34,你的名字,2026-05-01,18:00:00,-07:00,2026-05-01T18:00:00-07:00,0,14
main.js,103,js,2c53d34,你的名字,2026-05-01,18:00:00,-07:00,2026-05-01T18:00:00-07:00,0,24
main.js,104,js,2c53d34,你的名字,2026-05-01,18:00:00,-07:00,2026-05-01T18:00:00-07:00,0,0
main.js,105,js,2c53d34,你的名字,2026-05-01,18:00:00,-07:00,2026-05-01T18:00:00-07:00,0,14
main.js,106,js,2c53d34,你的名字,2026-05-01,18:00:00,-07:00,2026-05-01T18:00:00-07:00,0,5
main.js,107,js,2c53d34,你的名字,2026-05-01,18:00:00,-07:00,2026-05-01T18:00:00-07:00,0,31
main.js,108,js,2c53d34,你的名字,2026-05-01,18:00:00,-07:00,2026-05-01T18:00:00-07:00,0,1
main.js,109,js,2c53d34,你的名字,2026-05-01,18:00:00,-07:00,2026-05-01T18:00:00-07:00,0,0
main.js,110,js,2c53d34,你的名字,2026-05-01,18:00:00,-07:00,2026-05-01T18:00:00-07:00,0,14
main.js,111,js,2c53d34,你的名字,2026-05-01,18:00:00,-07:00,2026-05-01T18:00:00-07:00,0,21
main.js,112,js,2c53d34,你的名字,2026-05-01,18:00:00,-07:00,2026-05-01T18:00:00-07:00,0,0
main.js,113,js,2c53d34,你的名字,2026-05-01,18:00:00,-07:00,2026-05-01T18:00:00-07:00,0,14
main.js,114,js,2c53d34,你的名字,2026-05-01,18:00:00,-07:00,2026-05-01T18:00:00-07:00,0,5
main.js,115,js,2c53d34,你的名字,2026-05-01,18:00:00,-07:00,2026-05-01T18:00:00-07:00,0,26
main.js,116,js,2c53d34,你的名字,2026-05-01,18:00:00,-07:00,2026-05-01T18:00:00-07:00,0,1
main.js,117,js,2c53d34,你的名字,2026-05-01,18:00:00,-07:00,2026-05-01T18:00:00-07:00,0,0
main.js,118,js,2c53d34,你的名字,2026-05-01,18:00:00,-07:00,2026-05-01T18:00:00-07:00,0,14
main.js,119,js,2c53d34,你的名字,2026-05-01,18:00:00,-07:00,2026-05-01T18:00:00-07:00,0,22
main.js,120,js,2c53d34,你的名字,2026-05-01,18:00:00,-07:00,2026-05-01T18:00:00-07:00,0,0
main.js,121,js,2c53d34,你的名字,2026-05-01,18:00:00,-07:00,2026-05-01T18:00:00-07:00,0,14
main.js,122,js,2c53d34,你的名字,2026-05-01,18:00:00,-07:00,2026-05-01T18:00:00-07:00,0,5
main.js,123,js,2c53d34,你的名字,2026-05-01,18:00:00,-07:00,2026-05-01T18:00:00-07:00,0,25
main.js,124,js,2c53d34,你的名字,2026-05-01,18:00:00,-07:00,2026-05-01T18:00:00-07:00,0,1
main.js,125,js,2c53d34,你的名字,2026-05-01,18:00:00,-07:00,2026-05-01T18:00:00-07:00,0,0
main.js,126,js,2c53d34,你的名字,2026-05-01,18:00:00,-07:00,2026-05-01T18:00:00-07:00,0,0
main.js,127,js,888b4830,你的名字,2026-05-03,19:30:00,-07:00,2026-05-03T19:30:00-07:00,0,39
main.js,128,js,888b4830,你的名字,2026-05-03,19:30:00,-07:00,2026-05-03T19:30:00-07:00,0,0
main.js,129,js,888b4830,你的名字,2026-05-03,19:30:00,-07:00,2026-05-03T19:30:00-07:00,0,17
main.js,130,js,888b4830,你的名字,2026-05-03,19:30:00,-07:00,2026-05-03T19:30:00-07:00,0,18
main.js,131,js,888b4830,你的名字,2026-05-03,19:30:00,-07:00,2026-05-03T19:30:00-07:00,0,0
main.js,132,js,888b4830,你的名字,2026-05-03,19:30:00,-07:00,2026-05-03T19:30:00-07:00,0,13
main.js,133,js,888b4830,你的名字,2026-05-03,19:30:00,-07:00,2026-05-03T19:30:00-07:00,0,16
main.js,134,js,888b4830,你的名字,2026-05-03,19:30:00,-07:00,2026-05-03T19:30:00-07:00,0,13
main.js,135,js,888b4830,你的名字,2026-05-03,19:30:00,-07:00,2026-05-03T19:30:00-07:00,0,41
main.js,136,js,888b4830,你的名字,2026-05-03,19:30:00,-07:00,2026-05-03T19:30:00-07:00,0,29
main.js,137,js,888b4830,你的名字,2026-05-03,19:30:00,-07:00,2026-05-03T19:30:00-07:00,0,0
main.js,138,js,888b4830,你的名字,2026-05-03,19:30:00,-07:00,2026-05-03T19:30:00-07:00,0,15
main.js,139,js,888b4830,你的名字,2026-05-03,19:30:00,-07:00,2026-05-03T19:30:00-07:00,0,7
main.js,140,js,888b4830,你的名字,2026-05-03,19:30:00,-07:00,2026-05-03T19:30:00-07:00,0,9
main.js,141,js,888b4830,你的名字,2026-05-03,19:30:00,-07:00,2026-05-03T19:30:00-07:00,0,10
main.js,142,js,888b4830,你的名字,2026-05-03,19:30:00,-07:00,2026-05-03T19:30:00-07:00,0,8
main.js,143,js,888b4830,你的名字,2026-05-03,19:30:00,-07:00,2026-05-03T19:30:00-07:00,0,1
main.js,144,js,888b4830,你的名字,2026-05-03,19:30:00,-07:00,2026-05-03T19:30:00-07:00,0,0
main.js,145,js,888b4830,你的名字,2026-05-03,19:30:00,-07:00,2026-05-03T19:30:00-07:00,0,19
main.js,146,js,888b4830,你的名字,2026-05-03,19:30:00,-07:00,2026-05-03T19:30:00-07:00,0,15
main.js,147,js,888b4830,你的名字,2026-05-03,19:30:00,-07:00,2026-05-03T19:30:00-07:00,0,27
main.js,148,js,888b4830,你的名字,2026-05-03,19:30:00,-07:00,2026-05-03T19:30:00-07:00,0,30
main.js,149,js,888b4830,你的名字,2026-05-03,19:30:00,-07:00,2026-05-03T19:30:00-07:00,0,17
main.js,150,js,888b4830,你的名字,2026-05-03,19:30:00,-07:00,2026-05-03T19:30:00-07:00,0,41
main.js,151,js,888b4830,你的名字,2026-05-03,19:30:00,-07:00,2026-05-03T19:30:00-07:00,0,43
main.js,152,js,888b4830,你的名字,2026-05-03,19:30:00,-07:00,2026-05-03T19:30:00-07:00,0,1
main.js,153,js,888b4830,你的名字,2026-05-03,19:30:00,-07:00,2026-05-03T19:30:00-07:00,0,0
main.js,154,js,888b4830,你的名字,2026-05-03,19:30:00,-07:00,2026-05-03T19:30:00-07:00,0,10
main.js,155,js,888b4830,你的名字,2026-05-03,19:30:00,-07:00,2026-05-03T19:30:00-07:00,0,11
main.js,156,js,888b4830,你的名字,2026-05-03,19:30:00,-07:00,2026-05-03T19:30:00-07:00,0,7
main.js,157,js,888b4830,你的名字,2026-05-03,19:30:00,-07:00,2026-05-03T19:30:00-07:00,0,37
main.js,158,js,888b4830,你的名字,2026-05-03,19:30:00,-07:00,2026-05-03T19:30:00-07:00,0,0
main.js,159,js,888b4830,你的名字,2026-05-03,19:30:00,-07:00,2026-05-03T19:30:00-07:00,0,7
main.js,160,js,888b4830,你的名字,2026-05-03,19:30:00,-07:00,2026-05-03T19:30:00-07:00,0,15
main.js,161,js,888b4830,你的名字,2026-05-03,19:30:00,-07:00,2026-05-03T19:30:00-07:00,0,15
main.js,162,js,888b4830,你的名字,2026-05-03,19:30:00,-07:00,2026-05-03T19:30:00-07:00,0,1
main.js,163,js,888b4830,你的名字,2026-05-03,19:30:00,-07:00,2026-05-03T19:30:00-07:00,0,7
main.js,164,js,888b4830,你的名字,2026-05-03,19:30:00,-07:00,2026-05-03T19:30:00-07:00,0,0
main.js,165,js,888b4830,你的名字,2026-05-03,19:30:00,-07:00,2026-05-03T19:30:00-07:00,0,10
main.js,166,js,888b4830,你的名字,2026-05-03,19:30:00,-07:00,2026-05-03T19:30:00-07:00,0,13
main.js,167,js,888b4830,你的名字,2026-05-03,19:30:00,-07:00,2026-05-03T19:30:00-07:00,0,15
main.js,168,js,888b4830,你的名字,2026-05-03,19:30:00,-07:00,2026-05-03T19:30:00-07:00,0,7
main.js,169,js,888b4830,你的名字,2026-05-03,19:30:00,-07:00,2026-05-03T19:30:00-07:00,0,17
main.js,170,js,888b4830,你的名字,2026-05-03,19:30:00,-07:00,2026-05-03T19:30:00-07:00,0,13
main.js,171,js,888b4830,你的名字,2026-05-03,19:30:00,-07:00,2026-05-03T19:30:00-07:00,0,2
main.js,172,js,888b4830,你的名字,2026-05-03,19:30:00,-07:00,2026-05-03T19:30:00-07:00,0,0
main.js,173,js,888b4830,你的名字,2026-05-03,19:30:00,-07:00,2026-05-03T19:30:00-07:00,0,16
main.js,174,js,888b4830,你的名字,2026-05-03,19:30:00,-07:00,2026-05-03T19:30:00-07:00,0,11
main.js,175,js,888b4830,你的名字,2026-05-03,19:30:00,-07:00,2026-05-03T19:30:00-07:00,0,7
main.js,176,js,888b4830,你的名字,2026-05-03,19:30:00,-07:00,2026-05-03T19:30:00-07:00,0,39
main.js,177,js,888b4830,你的名字,2026-05-03,19:30:00,-07:00,2026-05-03T19:30:00-07:00,0,0
main.js,178,js,888b4830,你的名字,2026-05-03,19:30:00,-07:00,2026-05-03T19:30:00-07:00,0,15
main.js,179,js,888b4830,你的名字,2026-05-03,19:30:00,-07:00,2026-05-03T19:30:00-07:00,0,0
main.js,180,js,888b4830,你的名字,2026-05-03,19:30:00,-07:00,2026-05-03T19:30:00-07:00,0,23
main.js,181,js,888b4830,你的名字,2026-05-03,19:30:00,-07:00,2026-05-03T19:30:00-07:00,0,0
main.js,182,js,888b4830,你的名字,2026-05-03,19:30:00,-07:00,2026-05-03T19:30:00-07:00,0,20
main.js,183,js,888b4830,你的名字,2026-05-03,19:30:00,-07:00,2026-05-03T19:30:00-07:00,0,11
main.js,184,js,888b4830,你的名字,2026-05-03,19:30:00,-07:00,2026-05-03T19:30:00-07:00,0,26
main.js,185,js,888b4830,你的名字,2026-05-03,19:30:00,-07:00,2026-05-03T19:30:00-07:00,0,5
main.js,186,js,888b4830,你的名字,2026-05-03,19:30:00,-07:00,2026-05-03T19:30:00-07:00,0,11
main.js,187,js,888b4830,你的名字,2026-05-03,19:30:00,-07:00,2026-05-03T19:30:00-07:00,0,32
main.js,188,js,888b4830,你的名字,2026-05-03,19:30:00,-07:00,2026-05-03T19:30:00-07:00,0,1
main.js,189,js,888b4830,你的名字,2026-05-03,19:30:00,-07:00,2026-05-03T19:30:00-07:00,0,0
main.js,190,js,888b4830,你的名字,2026-05-03,19:30:00,-07:00,2026-05-03T19:30:00-07:00,0,14
main.js,191,js,888b4830,你的名字,2026-05-03,19:30:00,-07:00,2026-05-03T19:30:00-07:00,0,18
main.js,192,js,888b4830,你的名字,2026-05-03,19:30:00,-07:00,2026-05-03T19:30:00-07:00,0,14
main.js,193,js,888b4830,你的名字,2026-05-03,19:30:00,-07:00,2026-05-03T19:30:00-07:00,0,27
main.js,194,js,888b4830,你的名字,2026-05-03,19:30:00,-07:00,2026-05-03T19:30:00-07:00,0,1
main.js,195,js,2c53d34,你的名字,2026-05-01,18:00:00,-07:00,2026-05-01T18:00:00-07:00,0,0
main.js,196,js,888b4830,你的名字,2026-05-03,19:30:00,-07:00,2026-05-03T19:30:00-07:00,0,18
main.js,197,js,888b4830,你的名字,2026-05-03,19:30:00,-07:00,2026-05-03T19:30:00-07:00,0,0
main.js,198,js,888b4830,你的名字,2026-05-03,19:30:00,-07:00,2026-05-03T19:30:00-07:00,0,15
main.js,199,js,888b4830,你的名字,2026-05-03,19:30:00,-07:00,2026-05-03T19:30:00-07:00,0,18
main.js,200,js,888b4830,你的名字,2026-05-03,19:30:00,-07:00,2026-05-03T19:30:00-07:00,0,11
main.js,201,js,888b4830,你的名字,2026-05-03,19:30:00,-07:00,2026-05-03T19:30:00-07:00,0,21
main.js,202,js,888b4830,你的名字,2026-05-03,19:30:00,-07:00,2026-05-03T19:30:00-07:00,0,1
main.js,203,js,888b4830,你的名字,2026-05-03,19:30:00,-07:00,2026-05-03T19:30:00-07:00,0,0
main.js,204,js,888b4830,你的名字,2026-05-03,19:30:00,-07:00,2026-05-03T19:30:00-07:00,0,15
main.js,205,js,888b4830,你的名字,2026-05-03,19:30:00,-07:00,2026-05-03T19:30:00-07:00,0,16
main.js,206,js,888b4830,你的名字,2026-05-03,19:30:00,-07:00,2026-05-03T19:30:00-07:00,0,11
main.js,207,js,888b4830,你的名字,2026-05-03,19:30:00,-07:00,2026-05-03T19:30:00-07:00,0,3
main.js,208,js,888b4830,你的名字,2026-05-03,19:30:00,-07:00,2026-05-03T19:30:00-07:00,0,32
main.js,209,js,888b4830,你的名字,2026-05-03,19:30:00,-07:00,2026-05-03T19:30:00-07:00,0,4
main.js,210,js,888b4830,你的名字,2026-05-03,19:30:00,-07:00,2026-05-03T19:30:00-07:00,0,1
main.js,211,js,888b4830,你的名字,2026-05-03,19:30:00,-07:00,2026-05-03T19:30:00-07:00,0,0
main.js,212,js,888b4830,你的名字,2026-05-03,19:30:00,-07:00,2026-05-03T19:30:00-07:00,0,14
main.js,213,js,888b4830,你的名字,2026-05-03,19:30:00,-07:00,2026-05-03T19:30:00-07:00,0,23
main.js,214,js,888b4830,你的名字,2026-05-03,19:30:00,-07:00,2026-05-03T19:30:00-07:00,0,5
main.js,215,js,888b4830,你的名字,2026-05-03,19:30:00,-07:00,2026-05-03T19:30:00-07:00,0,11
main.js,216,js,888b4830,你的名字,2026-05-03,19:30:00,-07:00,2026-05-03T19:30:00-07:00,0,34
main.js,217,js,888b4830,你的名字,2026-05-03,19:30:00,-07:00,2026-05-03T19:30:00-07:00,0,0
main.js,218,js,888b4830,你的名字,2026-05-03,19:30:00,-07:00,2026-05-03T19:30:00-07:00,0,12
main.js,219,js,888b4830,你的名字,2026-05-03,19:30:00,-07:00,2026-05-03T19:30:00-07:00,0,0
main.js,220,js,888b4830,你的名字,2026-05-03,19:30:00,-07:00,2026-05-03T19:30:00-07:00,0,14
main.js,221,js,888b4830,你的名字,2026-05-03,19:30:00,-07:00,2026-05-03T19:30:00-07:00,0,5
main.js,222,js,888b4830,你的名字,2026-05-03,19:30:00,-07:00,2026-05-03T19:30:00-07:00,0,11
main.js,223,js,888b4830,你的名字,2026-05-03,19:30:00,-07:00,2026-05-03T19:30:00-07:00,0,32
main.js,224,js,888b4830,你的名字,2026-05-03,19:30:00,-07:00,2026-05-03T19:30:00-07:00,0,0
main.js,225,js,888b4830,你的名字,2026-05-03,19:30:00,-07:00,2026-05-03T19:30:00-07:00,0,12
main.js,226,js,888b4830,你的名字,2026-05-03,19:30:00,-07:00,2026-05-03T19:30:00-07:00,0,0
main.js,227,js,888b4830,你的名字,2026-05-03,19:30:00,-07:00,2026-05-03T19:30:00-07:00,0,18
main.js,228,js,888b4830,你的名字,2026-05-03,19:30:00,-07:00,2026-05-03T19:30:00-07:00,0,0
main.js,229,js,888b4830,你的名字,2026-05-03,19:30:00,-07:00,2026-05-03T19:30:00-07:00,0,15
main.js,230,js,888b4830,你的名字,2026-05-03,19:30:00,-07:00,2026-05-03T19:30:00-07:00,0,11
main.js,231,js,888b4830,你的名字,2026-05-03,19:30:00,-07:00,2026-05-03T19:30:00-07:00,0,22
main.js,232,js,888b4830,你的名字,2026-05-03,19:30:00,-07:00,2026-05-03T19:30:00-07:00,0,0
main.js,233,js,888b4830,你的名字,2026-05-03,19:30:00,-07:00,2026-05-03T19:30:00-07:00,0,3
main.js,234,js,888b4830,你的名字,2026-05-03,19:30:00,-07:00,2026-05-03T19:30:00-07:00,0,19
main.js,235,js,888b4830,你的名字,2026-05-03,19:30:00,-07:00,2026-05-03T19:30:00-07:00,0,5
main.js,236,js,888b4830,你的名字,2026-05-03,19:30:00,-07:00,2026-05-03T19:30:00-07:00,0,7
main.js,237,js,888b4830,你的名字,2026-05-03,19:30:00,-07:00,2026-05-03T19:30:00-07:00,0,10
main.js,238,js,888b4830,你的名字,2026-05-03,19:30:00,-07:00,2026-05-03T19:30:00-07:00,0,17
main.js,239,js,888b4830,你的名字,2026-05-03,19:30:00,-07:00,2026-05-03T19:30:00-07:00,0,1
main.js,240,js,888b4830,你的名字,2026-05-03,19:30:00,-07:00,2026-05-03T19:30:00-07:00,0,8
main.js,241,js,888b4830,你的名字,2026-05-03,19:30:00,-07:00,2026-05-03T19:30:00-07:00,0,0
main.js,242,js,888b4830,你的名字,2026-05-03,19:30:00,-07:00,2026-05-03T19:30:00-07:00,0,14
main.js,243,js,888b4830,你的名字,2026-05-03,19:30:00,-07:00,2026-05-03T19:30:00-07:00,0,23
main.js,244,js,888b4830,你的名字,2026-05-03,19:30:00,-07:00,2026-05-03T19:30:00-07:00,0,0
main.js,245,js,888b4830,你的名字,2026-05-03,19:30:00,-07:00,2026-05-03T19:30:00-07:00,0,5
main.js,246,js,888b4830,你的名字,2026-05-03,19:30:00,-07:00,2026-05-03T19:30:00-07:00,0,4
main.js,247,js,888b4830,你的名字,2026-05-03,19:30:00,-07:00,2026-05-03T19:30:00-07:00,0,22
main.js,248,js,888b4830,你的名字,2026-05-03,19:30:00,-07:00,2026-05-03T19:30:00-07:00,0,0
main.js,249,js,888b4830,你的名字,2026-05-03,19:30:00,-07:00,2026-05-03T19:30:00-07:00,0,0
main.js,250,js,888b4830,你的名字,2026-05-03,19:30:00,-07:00,2026-05-03T19:30:00-07:00,0,5
main.js,251,js,888b4830,你的名字,2026-05-03,19:30:00,-07:00,2026-05-03T19:30:00-07:00,0,4
main.js,252,js,888b4830,你的名字,2026-05-03,19:30:00,-07:00,2026-05-03T19:30:00-07:00,0,22
main.js,253,js,888b4830,你的名字,2026-05-03,19:30:00,-07:00,2026-05-03T19:30:00-07:00,0,0
main.js,254,js,888b4830,你的名字,2026-05-03,19:30:00,-07:00,2026-05-03T19:30:00-07:00,0,0
main.js,255,js,888b4830,你的名字,2026-05-03,19:30:00,-07:00,2026-05-03T19:30:00-07:00,0,5
main.js,256,js,888b4830,你的名字,2026-05-03,19:30:00,-07:00,2026-05-03T19:30:00-07:00,0,3
main.js,257,js,888b4830,你的名字,2026-05-03,19:30:00,-07:00,2026-05-03T19:30:00-07:00,0,24
main.js,258,js,888b4830,你的名字,2026-05-03,19:30:00,-07:00,2026-05-03T19:30:00-07:00,0,0
main.js,259,js,888b4830,你的名字,2026-05-03,19:30:00,-07:00,2026-05-03T19:30:00-07:00,0,0
main.js,260,js,888b4830,你的名字,2026-05-03,19:30:00,-07:00,2026-05-03T19:30:00-07:00,0,20
main.js,261,js,888b4830,你的名字,2026-05-03,19:30:00,-07:00,2026-05-03T19:30:00-07:00,0,27
main.js,262,js,3e92dc0c,你的名字,2026-05-05,20:00:00,-07:00,2026-05-05T20:00:00-07:00,0,0
main.js,263,js,3e92dc0c,你的名字,2026-05-05,20:00:00,-07:00,2026-05-05T20:00:00-07:00,0,23
main.js,264,js,3e92dc0c,你的名字,2026-05-05,20:00:00,-07:00,2026-05-05T20:00:00-07:00,0,0
main.js,265,js,3e92dc0c,你的名字,2026-05-05,20:00:00,-07:00,2026-05-05T20:00:00-07:00,0,8
main.js,266,js,3e92dc0c,你的名字,2026-05-05,20:00:00,-07:00,2026-05-05T20:00:00-07:00,0,33
main.js,267,js,3e92dc0c,你的名字,2026-05-05,20:00:00,-07:00,2026-05-05T20:00:00-07:00,0,36
main.js,268,js,3e92dc0c,你的名字,2026-05-05,20:00:00,-07:00,2026-05-05T20:00:00-07:00,0,2
main.js,269,js,3e92dc0c,你的名字,2026-05-05,20:00:00,-07:00,2026-05-05T20:00:00-07:00,0,0
main.js,270,js,3e92dc0c,你的名字,2026-05-05,20:00:00,-07:00,2026-05-05T20:00:00-07:00,0,14
main.js,271,js,3e92dc0c,你的名字,2026-05-05,20:00:00,-07:00,2026-05-05T20:00:00-07:00,0,12
main.js,272,js,3e92dc0c,你的名字,2026-05-05,20:00:00,-07:00,2026-05-05T20:00:00-07:00,0,0
main.js,273,js,3e92dc0c,你的名字,2026-05-05,20:00:00,-07:00,2026-05-05T20:00:00-07:00,0,36
main.js,274,js,3e92dc0c,你的名字,2026-05-05,20:00:00,-07:00,2026-05-05T20:00:00-07:00,0,0
main.js,275,js,3e92dc0c,你的名字,2026-05-05,20:00:00,-07:00,2026-05-05T20:00:00-07:00,0,44
main.js,276,js,3e92dc0c,你的名字,2026-05-05,20:00:00,-07:00,2026-05-05T20:00:00-07:00,0,0
main.js,277,js,38f0c382,你的名字,2026-05-04,15:10:00,-07:00,2026-05-04T15:10:00-07:00,0,3
main.js,278,js,38f0c382,你的名字,2026-05-04,15:10:00,-07:00,2026-05-04T15:10:00-07:00,0,19
main.js,279,js,38f0c382,你的名字,2026-05-04,15:10:00,-07:00,2026-05-04T15:10:00-07:00,0,0
main.js,280,js,38f0c382,你的名字,2026-05-04,15:10:00,-07:00,2026-05-04T15:10:00-07:00,0,37
main.js,281,js,38f0c382,你的名字,2026-05-04,15:10:00,-07:00,2026-05-04T15:10:00-07:00,0,0
main.js,282,js,38f0c382,你的名字,2026-05-04,15:10:00,-07:00,2026-05-04T15:10:00-07:00,0,28
main.js,283,js,38f0c382,你的名字,2026-05-04,15:10:00,-07:00,2026-05-04T15:10:00-07:00,0,0
main.js,284,js,38f0c382,你的名字,2026-05-04,15:10:00,-07:00,2026-05-04T15:10:00-07:00,0,29
main.js,285,js,38f0c382,你的名字,2026-05-04,15:10:00,-07:00,2026-05-04T15:10:00-07:00,0,0
main.js,286,js,38f0c382,你的名字,2026-05-04,15:10:00,-07:00,2026-05-04T15:10:00-07:00,0,28
main.js,287,js,38f0c382,你的名字,2026-05-04,15:10:00,-07:00,2026-05-04T15:10:00-07:00,0,1
main.js,288,js,38f0c382,你的名字,2026-05-04,15:10:00,-07:00,2026-05-04T15:10:00-07:00,0,0
main.js,289,js,38f0c382,你的名字,2026-05-04,15:10:00,-07:00,2026-05-04T15:10:00-07:00,0,24
main.js,290,js,38f0c382,你的名字,2026-05-04,15:10:00,-07:00,2026-05-04T15:10:00-07:00,0,0
main.js,291,js,38f0c382,你的名字,2026-05-04,15:10:00,-07:00,2026-05-04T15:10:00-07:00,0,30
main.js,292,js,38f0c382,你的名字,2026-05-04,15:10:00,-07:00,2026-05-04T15:10:00-07:00,0,2
main.js,293,js,38f0c382,你的名字,2026-05-04,15:10:00,-07:00,2026-05-04T15:10:00-07:00,0,0
main.js,294,js,38f0c382,你的名字,2026-05-04,15:10:00,-07:00,2026-05-04T15:10:00-07:00,0,0
main.js,295,js,38f0c382,你的名字,2026-05-04,15:10:00,-07:00,2026-05-04T15:10:00-07:00,0,0
main.js,296,js,38f0c382,你的名字,2026-05-04,15:10:00,-07:00,2026-05-04T15:10:00-07:00,0,44
main.js,297,js,38f0c382,你的名字,2026-05-04,15:10:00,-07:00,2026-05-04T15:10:00-07:00,0,0
main.js,298,js,38f0c382,你的名字,2026-05-04,15:10:00,-07:00,2026-05-04T15:10:00-07:00,0,14
main.js,299,js,38f0c382,你的名字,2026-05-04,15:10:00,-07:00,2026-05-04T15:10:00-07:00,0,41
main.js,300,js,38f0c382,你的名字,2026-05-04,15:10:00,-07:00,2026-05-04T15:10:00-07:00,0,0
main.js,301,js,38f0c382,你的名字,2026-05-04,15:10:00,-07:00,2026-05-04T15:10:00-07:00,0,27
main.js,302,js,38f0c382,你的名字,2026-05-04,15:10:00,-07:00,2026-05-04T15:10:00-07:00,0,0
main.js,303,js,38f0c382,你的名字,2026-05-04,15:10:00,-07:00,2026-05-04T15:10:00-07:00,0,0
main.js,304,js,38f0c382,你的名字,2026-05-04,15:10:00,-07:00,2026-05-04T15:10:00-07:00,0,38
main.js,305,js,38f0c382,你的名字,2026-05-04,15:10:00,-07:00,2026-05-04T15:10:00-07:00,0,0
main.js,306,js,38f0c382,你的名字,2026-05-04,15:10:00,-07:00,2026-05-04T15:10:00-07:00,0,14
main.js,307,js,38f0c382,你的名字,2026-05-04,15:10:00,-07:00,2026-05-04T15:10:00-07:00,0,41
main.js,308,js,38f0c382,你的名字,2026-05-04,15:10:00,-07:00,2026-05-04T15:10:00-07:00,0,0
main.js,309,js,38f0c382,你的名字,2026-05-04,15:10:00,-07:00,2026-05-04T15:10:00-07:00,0,19
main.js,310,js,38f0c382,你的名字,2026-05-04,15:10:00,-07:00,2026-05-04T15:10:00-07:00,0,25
main.js,311,js,38f0c382,你的名字,2026-05-04,15:10:00,-07:00,2026-05-04T15:10:00-07:00,0,0
main.js,312,js,38f0c382,你的名字,2026-05-04,15:10:00,-07:00,2026-05-04T15:10:00-07:00,0,18
main.js,313,js,38f0c382,你的名字,2026-05-04,15:10:00,-07:00,2026-05-04T15:10:00-07:00,0,25
main.js,314,js,38f0c382,你的名字,2026-05-04,15:10:00,-07:00,2026-05-04T15:10:00-07:00,0,0
main.js,315,js,38f0c382,你的名字,2026-05-04,15:10:00,-07:00,2026-05-04T15:10:00-07:00,0,0
main.js,316,js,38f0c382,你的名字,2026-05-04,15:10:00,-07:00,2026-05-04T15:10:00-07:00,0,38
main.js,317,js,38f0c382,你的名字,2026-05-04,15:10:00,-07:00,2026-05-04T15:10:00-07:00,0,0
main.js,318,js,38f0c382,你的名字,2026-05-04,15:10:00,-07:00,2026-05-04T15:10:00-07:00,0,44
main.js,319,js,38f0c382,你的名字,2026-05-04,15:10:00,-07:00,2026-05-04T15:10:00-07:00,0,10
main.js,320,js,38f0c382,你的名字,2026-05-04,15:10:00,-07:00,2026-05-04T15:10:00-07:00,0,0
main.js,321,js,38f0c382,你的名字,2026-05-04,15:10:00,-07:00,2026-05-04T15:10:00-07:00,0,51
main.js,322,js,38f0c382,你的名字,2026-05-04,15:10:00,-07:00,2026-05-04T15:10:00-07:00,0,9
main.js,323,js,38f0c382,你的名字,2026-05-04,15:10:00,-07:00,2026-05-04T15:10:00-07:00,0,0
main.js,324,js,38f0c382,你的名字,2026-05-04,15:10:00,-07:00,2026-05-04T15:10:00-07:00,0,51
main.js,325,js,38f0c382,你的名字,2026-05-04,15:10:00,-07:00,2026-05-04T15:10:00-07:00,0,36
main.js,326,js,38f0c382,你的名字,2026-05-04,15:10:00,-07:00,2026-05-04T15:10:00-07:00,0,0
main.js,327,js,38f0c382,你的名字,2026-05-04,15:10:00,-07:00,2026-05-04T15:10:00-07:00,0,51
main.js,328,js,38f0c382,你的名字,2026-05-04,15:10:00,-07:00,2026-05-04T15:10:00-07:00,0,36
main.js,329,js,38f0c382,你的名字,2026-05-04,15:10:00,-07:00,2026-05-04T15:10:00-07:00,0,0
main.js,330,js,38f0c382,你的名字,2026-05-04,15:10:00,-07:00,2026-05-04T15:10:00-07:00,0,53
main.js,331,js,38f0c382,你的名字,2026-05-04,15:10:00,-07:00,2026-05-04T15:10:00-07:00,0,13
main.js,332,js,38f0c382,你的名字,2026-05-04,15:10:00,-07:00,2026-05-04T15:10:00-07:00,0,0
main.js,333,js,38f0c382,你的名字,2026-05-04,15:10:00,-07:00,2026-05-04T15:10:00-07:00,0,52
main.js,334,js,38f0c382,你的名字,2026-05-04,15:10:00,-07:00,2026-05-04T15:10:00-07:00,0,17
main.js,335,js,888b4830,你的名字,2026-05-03,19:30:00,-07:00,2026-05-03T19:30:00-07:00,0,0
main.js,336,js,2c53d34,你的名字,2026-05-01,18:00:00,-07:00,2026-05-01T18:00:00-07:00,0,0
main.js,337,js,3e92dc0c,你的名字,2026-05-05,20:00:00,-07:00,2026-05-05T20:00:00-07:00,0,24
main.js,338,js,3e92dc0c,你的名字,2026-05-05,20:00:00,-07:00,2026-05-05T20:00:00-07:00,0,0
main.js,339,js,3e92dc0c,你的名字,2026-05-05,20:00:00,-07:00,2026-05-05T20:00:00-07:00,0,33
main.js,340,js,3e92dc0c,你的名字,2026-05-05,20:00:00,-07:00,2026-05-05T20:00:00-07:00,0,0
main.js,341,js,3e92dc0c,你的名字,2026-05-05,20:00:00,-07:00,2026-05-05T20:00:00-07:00,0,16
main.js,342,js,3e92dc0c,你的名字,2026-05-05,20:00:00,-07:00,2026-05-05T20:00:00-07:00,0,0
main.js,343,js,3e92dc0c,你的名字,2026-05-05,20:00:00,-07:00,2026-05-05T20:00:00-07:00,0,20
main.js,344,js,3e92dc0c,你的名字,2026-05-05,20:00:00,-07:00,2026-05-05T20:00:00-07:00,0,0
main.js,345,js,3e92dc0c,你的名字,2026-05-05,20:00:00,-07:00,2026-05-05T20:00:00-07:00,0,7
main.js,346,js,3e92dc0c,你的名字,2026-05-05,20:00:00,-07:00,2026-05-05T20:00:00-07:00,0,0
main.js,347,js,3e92dc0c,你的名字,2026-05-05,20:00:00,-07:00,2026-05-05T20:00:00-07:00,0,38
main.js,348,js,3e92dc0c,你的名字,2026-05-05,20:00:00,-07:00,2026-05-05T20:00:00-07:00,0,0
main.js,349,js,3e92dc0c,你的名字,2026-05-05,20:00:00,-07:00,2026-05-05T20:00:00-07:00,0,43
main.js,350,js,3e92dc0c,你的名字,2026-05-05,20:00:00,-07:00,2026-05-05T20:00:00-07:00,0,0
main.js,351,js,3e92dc0c,你的名字,2026-05-05,20:00:00,-07:00,2026-05-05T20:00:00-07:00,0,33
main.js,352,js,3e92dc0c,你的名字,2026-05-05,20:00:00,-07:00,2026-05-05T20:00:00-07:00,0,0
main.js,353,js,3e92dc0c,你的名字,2026-05-05,20:00:00,-07:00,2026-05-05T20:00:00-07:00,0,33
main.js,354,js,3e92dc0c,你的名字,2026-05-05,20:00:00,-07:00,2026-05-05T20:00:00-07:00,0,0
main.js,355,js,3e92dc0c,你的名字,2026-05-05,20:00:00,-07:00,2026-05-05T20:00:00-07:00,0,7
main.js,356,js,3e92dc0c,你的名字,2026-05-05,20:00:00,-07:00,2026-05-05T20:00:00-07:00,0,9
main.js,357,js,3e92dc0c,你的名字,2026-05-05,20:00:00,-07:00,2026-05-05T20:00:00-07:00,0,9
main.js,358,js,3e92dc0c,你的名字,2026-05-05,20:00:00,-07:00,2026-05-05T20:00:00-07:00,0,9
main.js,359,js,3e92dc0c,你的名字,2026-05-05,20:00:00,-07:00,2026-05-05T20:00:00-07:00,0,6
main.js,360,js,3e92dc0c,你的名字,2026-05-05,20:00:00,-07:00,2026-05-05T20:00:00-07:00,0,1
main.js,361,js,3e92dc0c,你的名字,2026-05-05,20:00:00,-07:00,2026-05-05T20:00:00-07:00,0,2
main.js,362,js,3e92dc0c,你的名字,2026-05-05,20:00:00,-07:00,2026-05-05T20:00:00-07:00,0,0
main.js,363,js,3e92dc0c,你的名字,2026-05-05,20:00:00,-07:00,2026-05-05T20:00:00-07:00,0,0
main.js,364,js,3e92dc0c,你的名字,2026-05-05,20:00:00,-07:00,2026-05-05T20:00:00-07:00,0,17
main.js,365,js,3e92dc0c,你的名字,2026-05-05,20:00:00,-07:00,2026-05-05T20:00:00-07:00,0,0
main.js,366,js,3e92dc0c,你的名字,2026-05-05,20:00:00,-07:00,2026-05-05T20:00:00-07:00,0,0
main.js,367,js,3e92dc0c,你的名字,2026-05-05,20:00:00,-07:00,2026-05-05T20:00:00-07:00,0,27
main.js,368,js,3e92dc0c,你的名字,2026-05-05,20:00:00,-07:00,2026-05-05T20:00:00-07:00,0,0
main.js,369,js,3e92dc0c,你的名字,2026-05-05,20:00:00,-07:00,2026-05-05T20:00:00-07:00,0,21
main.js,370,js,3e92dc0c,你的名字,2026-05-05,20:00:00,-07:00,2026-05-05T20:00:00-07:00,0,24
main.js,371,js,3e92dc0c,你的名字,2026-05-05,20:00:00,-07:00,2026-05-05T20:00:00-07:00,0,26
main.js,372,js,3e92dc0c,你的名字,2026-05-05,20:00:00,-07:00,2026-05-05T20:00:00-07:00,0,1
main.js,373,js,3e92dc0c,你的名字,2026-05-05,20:00:00,-07:00,2026-05-05T20:00:00-07:00,0,0
main.js,374,js,3e92dc0c,你的名字,2026-05-05,20:00:00,-07:00,2026-05-05T20:00:00-07:00,0,23
main.js,375,js,3e92dc0c,你的名字,2026-05-05,20:00:00,-07:00,2026-05-05T20:00:00-07:00,0,16
main.js,376,js,3e92dc0c,你的名字,2026-05-05,20:00:00,-07:00,2026-05-05T20:00:00-07:00,0,14
main.js,377,js,3e92dc0c,你的名字,2026-05-05,20:00:00,-07:00,2026-05-05T20:00:00-07:00,0,0
main.js,378,js,3e92dc0c,你的名字,2026-05-05,20:00:00,-07:00,2026-05-05T20:00:00-07:00,0,27
main.js,379,js,3e92dc0c,你的名字,2026-05-05,20:00:00,-07:00,2026-05-05T20:00:00-07:00,0,22
main.js,380,js,3e92dc0c,你的名字,2026-05-05,20:00:00,-07:00,2026-05-05T20:00:00-07:00,0,46
main.js,381,js,3e92dc0c,你的名字,2026-05-05,20:00:00,-07:00,2026-05-05T20:00:00-07:00,0,0
main.js,382,js,3e92dc0c,你的名字,2026-05-05,20:00:00,-07:00,2026-05-05T20:00:00-07:00,0,25
main.js,383,js,3e92dc0c,你的名字,2026-05-05,20:00:00,-07:00,2026-05-05T20:00:00-07:00,0,0
main.js,384,js,3e92dc0c,你的名字,2026-05-05,20:00:00,-07:00,2026-05-05T20:00:00-07:00,0,0
main.js,385,js,3e92dc0c,你的名字,2026-05-05,20:00:00,-07:00,2026-05-05T20:00:00-07:00,0,35
main.js,386,js,3e92dc0c,你的名字,2026-05-05,20:00:00,-07:00,2026-05-05T20:00:00-07:00,0,0
main.js,387,js,3e92dc0c,你的名字,2026-05-05,20:00:00,-07:00,2026-05-05T20:00:00-07:00,0,16
main.js,388,js,3e92dc0c,你的名字,2026-05-05,20:00:00,-07:00,2026-05-05T20:00:00-07:00,0,23
main.js,389,js,3e92dc0c,你的名字,2026-05-05,20:00:00,-07:00,2026-05-05T20:00:00-07:00,0,19
main.js,390,js,3e92dc0c,你的名字,2026-05-05,20:00:00,-07:00,2026-05-05T20:00:00-07:00,0,1
main.js,391,js,3e92dc0c,你的名字,2026-05-05,20:00:00,-07:00,2026-05-05T20:00:00-07:00,0,0
main.js,392,js,3e92dc0c,你的名字,2026-05-05,20:00:00,-07:00,2026-05-05T20:00:00-07:00,0,24
main.js,393,js,3e92dc0c,你的名字,2026-05-05,20:00:00,-07:00,2026-05-05T20:00:00-07:00,0,0
main.js,394,js,3e92dc0c,你的名字,2026-05-05,20:00:00,-07:00,2026-05-05T20:00:00-07:00,0,34
main.js,395,js,3e92dc0c,你的名字,2026-05-05,20:00:00,-07:00,2026-05-05T20:00:00-07:00,0,6
main.js,396,js,3e92dc0c,你的名字,2026-05-05,20:00:00,-07:00,2026-05-05T20:00:00-07:00,0,0
main.js,397,js,3e92dc0c,你的名字,2026-05-05,20:00:00,-07:00,2026-05-05T20:00:00-07:00,0,0
main.js,398,js,3e92dc0c,你的名字,2026-05-05,20:00:00,-07:00,2026-05-05T20:00:00-07:00,0,37
main.js,399,js,3e92dc0c,你的名字,2026-05-05,20:00:00,-07:00,2026-05-05T20:00:00-07:00,0,11
main.js,400,js,3e92dc0c,你的名字,2026-05-05,20:00:00,-07:00,2026-05-05T20:00:00-07:00,0,1
main.js,401,js,3e92dc0c,你的名字,2026-05-05,20:00:00,-07:00,2026-05-05T20:00:00-07:00,0,0
main.js,402,js,3e92dc0c,你的名字,2026-05-05,20:00:00,-07:00,2026-05-05T20:00:00-07:00,0,27
main.js,403,js,3e92dc0c,你的名字,2026-05-05,20:00:00,-07:00,2026-05-05T20:00:00-07:00,0,0
main.js,404,js,3e92dc0c,你的名字,2026-05-05,20:00:00,-07:00,2026-05-05T20:00:00-07:00,0,5
main.js,405,js,3e92dc0c,你的名字,2026-05-05,20:00:00,-07:00,2026-05-05T20:00:00-07:00,0,0
main.js,406,js,3e92dc0c,你的名字,2026-05-05,20:00:00,-07:00,2026-05-05T20:00:00-07:00,0,13
main.js,407,js,3e92dc0c,你的名字,2026-05-05,20:00:00,-07:00,2026-05-05T20:00:00-07:00,0,0
main.js,408,js,3e92dc0c,你的名字,2026-05-05,20:00:00,-07:00,2026-05-05T20:00:00-07:00,0,10
main.js,409,js,3e92dc0c,你的名字,2026-05-05,20:00:00,-07:00,2026-05-05T20:00:00-07:00,0,1
main.js,410,js,3e92dc0c,你的名字,2026-05-05,20:00:00,-07:00,2026-05-05T20:00:00-07:00,0,0
main.js,411,js,3e92dc0c,你的名字,2026-05-05,20:00:00,-07:00,2026-05-05T20:00:00-07:00,0,43
main.js,412,js,3e92dc0c,你的名字,2026-05-05,20:00:00,-07:00,2026-05-05T20:00:00-07:00,0,0
main.js,413,js,3e92dc0c,你的名字,2026-05-05,20:00:00,-07:00,2026-05-05T20:00:00-07:00,0,17
main.js,414,js,3e92dc0c,你的名字,2026-05-05,20:00:00,-07:00,2026-05-05T20:00:00-07:00,0,20
main.js,415,js,3e92dc0c,你的名字,2026-05-05,20:00:00,-07:00,2026-05-05T20:00:00-07:00,0,0
main.js,416,js,3e92dc0c,你的名字,2026-05-05,20:00:00,-07:00,2026-05-05T20:00:00-07:00,0,9
main.js,417,js,3e92dc0c,你的名字,2026-05-05,20:00:00,-07:00,2026-05-05T20:00:00-07:00,0,28
main.js,418,js,3e92dc0c,你的名字,2026-05-05,20:00:00,-07:00,2026-05-05T20:00:00-07:00,0,0
main.js,419,js,3e92dc0c,你的名字,2026-05-05,20:00:00,-07:00,2026-05-05T20:00:00-07:00,0,25
main.js,420,js,3e92dc0c,你的名字,2026-05-05,20:00:00,-07:00,2026-05-05T20:00:00-07:00,0,0
main.js,421,js,3e92dc0c,你的名字,2026-05-05,20:00:00,-07:00,2026-05-05T20:00:00-07:00,0,9
main.js,422,js,3e92dc0c,你的名字,2026-05-05,20:00:00,-07:00,2026-05-05T20:00:00-07:00,0,28
main.js,423,js,3e92dc0c,你的名字,2026-05-05,20:00:00,-07:00,2026-05-05T20:00:00-07:00,0,0
main.js,424,js,3e92dc0c,你的名字,2026-05-05,20:00:00,-07:00,2026-05-05T20:00:00-07:00,0,15
main.js,425,js,3e92dc0c,你的名字,2026-05-05,20:00:00,-07:00,2026-05-05T20:00:00-07:00,0,51
main.js,426,js,3e92dc0c,你的名字,2026-05-05,20:00:00,-07:00,2026-05-05T20:00:00-07:00,0,0
main.js,427,js,3e92dc0c,你的名字,2026-05-05,20:00:00,-07:00,2026-05-05T20:00:00-07:00,0,25
main.js,428,js,3e92dc0c,你的名字,2026-05-05,20:00:00,-07:00,2026-05-05T20:00:00-07:00,0,0
main.js,429,js,3e92dc0c,你的名字,2026-05-05,20:00:00,-07:00,2026-05-05T20:00:00-07:00,0,25
main.js,430,js,3e92dc0c,你的名字,2026-05-05,20:00:00,-07:00,2026-05-05T20:00:00-07:00,0,0
main.js,431,js,3e92dc0c,你的名字,2026-05-05,20:00:00,-07:00,2026-05-05T20:00:00-07:00,0,0
main.js,432,js,3e92dc0c,你的名字,2026-05-05,20:00:00,-07:00,2026-05-05T20:00:00-07:00,0,0
main.js,433,js,da2e652e,你的名字,2026-05-06,14:00:00,-07:00,2026-05-06T14:00:00-07:00,0,30
main.js,434,js,da2e652e,你的名字,2026-05-06,14:00:00,-07:00,2026-05-06T14:00:00-07:00,0,0
main.js,435,js,da2e652e,你的名字,2026-05-06,14:00:00,-07:00,2026-05-06T14:00:00-07:00,0,36
main.js,436,js,da2e652e,你的名字,2026-05-06,14:00:00,-07:00,2026-05-06T14:00:00-07:00,0,0
main.js,437,js,da2e652e,你的名字,2026-05-06,14:00:00,-07:00,2026-05-06T14:00:00-07:00,0,42
main.js,438,js,da2e652e,你的名字,2026-05-06,14:00:00,-07:00,2026-05-06T14:00:00-07:00,0,0
main.js,439,js,da2e652e,你的名字,2026-05-06,14:00:00,-07:00,2026-05-06T14:00:00-07:00,0,32
main.js,440,js,da2e652e,你的名字,2026-05-06,14:00:00,-07:00,2026-05-06T14:00:00-07:00,0,31
main.js,441,js,da2e652e,你的名字,2026-05-06,14:00:00,-07:00,2026-05-06T14:00:00-07:00,0,1
main.js,442,js,da2e652e,你的名字,2026-05-06,14:00:00,-07:00,2026-05-06T14:00:00-07:00,0,0
main.js,443,js,da2e652e,你的名字,2026-05-06,14:00:00,-07:00,2026-05-06T14:00:00-07:00,0,30
main.js,444,js,da2e652e,你的名字,2026-05-06,14:00:00,-07:00,2026-05-06T14:00:00-07:00,0,37
main.js,445,js,da2e652e,你的名字,2026-05-06,14:00:00,-07:00,2026-05-06T14:00:00-07:00,0,0
main.js,446,js,da2e652e,你的名字,2026-05-06,14:00:00,-07:00,2026-05-06T14:00:00-07:00,0,34
main.js,447,js,00000000,Not Committed Yet,2026-05-22,20:58:01,-07:00,2026-05-22T20:58:01-07:00,0,0
main.js,448,js,63eb8ec7,你的名字,2026-05-08,13:00:00,-07:00,2026-05-08T13:00:00-07:00,0,34
main.js,449,js,00000000,Not Committed Yet,2026-05-22,20:58:01,-07:00,2026-05-22T20:58:01-07:00,0,0
main.js,450,js,00000000,Not Committed Yet,2026-05-22,20:58:01,-07:00,2026-05-22T20:58:01-07:00,0,34
main.js,451,js,00000000,Not Committed Yet,2026-05-22,20:58:01,-07:00,2026-05-22T20:58:01-07:00,0,0
main.js,452,js,63eb8ec7,你的名字,2026-05-08,13:00:00,-07:00,2026-05-08T13:00:00-07:00,0,33
main.js,453,js,da2e652e,你的名字,2026-05-06,14:00:00,-07:00,2026-05-06T14:00:00-07:00,0,0
main.js,454,js,da2e652e,你的名字,2026-05-06,14:00:00,-07:00,2026-05-06T14:00:00-07:00,0,0
main.js,455,js,da2e652e,你的名字,2026-05-06,14:00:00,-07:00,2026-05-06T14:00:00-07:00,0,39
main.js,456,js,da2e652e,你的名字,2026-05-06,14:00:00,-07:00,2026-05-06T14:00:00-07:00,0,0
main.js,457,js,da2e652e,你的名字,2026-05-06,14:00:00,-07:00,2026-05-06T14:00:00-07:00,0,10
main.js,458,js,da2e652e,你的名字,2026-05-06,14:00:00,-07:00,2026-05-06T14:00:00-07:00,0,33
main.js,459,js,da2e652e,你的名字,2026-05-06,14:00:00,-07:00,2026-05-06T14:00:00-07:00,0,0
main.js,460,js,da2e652e,你的名字,2026-05-06,14:00:00,-07:00,2026-05-06T14:00:00-07:00,0,13
main.js,461,js,da2e652e,你的名字,2026-05-06,14:00:00,-07:00,2026-05-06T14:00:00-07:00,0,37
main.js,462,js,da2e652e,你的名字,2026-05-06,14:00:00,-07:00,2026-05-06T14:00:00-07:00,0,1
main.js,463,js,da2e652e,你的名字,2026-05-06,14:00:00,-07:00,2026-05-06T14:00:00-07:00,0,0
main.js,464,js,da2e652e,你的名字,2026-05-06,14:00:00,-07:00,2026-05-06T14:00:00-07:00,0,15
main.js,465,js,da2e652e,你的名字,2026-05-06,14:00:00,-07:00,2026-05-06T14:00:00-07:00,0,18
main.js,466,js,da2e652e,你的名字,2026-05-06,14:00:00,-07:00,2026-05-06T14:00:00-07:00,0,11
main.js,467,js,da2e652e,你的名字,2026-05-06,14:00:00,-07:00,2026-05-06T14:00:00-07:00,0,21
main.js,468,js,da2e652e,你的名字,2026-05-06,14:00:00,-07:00,2026-05-06T14:00:00-07:00,0,1
main.js,469,js,da2e652e,你的名字,2026-05-06,14:00:00,-07:00,2026-05-06T14:00:00-07:00,0,0
main.js,470,js,da2e652e,你的名字,2026-05-06,14:00:00,-07:00,2026-05-06T14:00:00-07:00,0,20
main.js,471,js,da2e652e,你的名字,2026-05-06,14:00:00,-07:00,2026-05-06T14:00:00-07:00,0,12
main.js,472,js,da2e652e,你的名字,2026-05-06,14:00:00,-07:00,2026-05-06T14:00:00-07:00,0,0
main.js,473,js,da2e652e,你的名字,2026-05-06,14:00:00,-07:00,2026-05-06T14:00:00-07:00,0,16
main.js,474,js,da2e652e,你的名字,2026-05-06,14:00:00,-07:00,2026-05-06T14:00:00-07:00,0,11
main.js,475,js,da2e652e,你的名字,2026-05-06,14:00:00,-07:00,2026-05-06T14:00:00-07:00,0,0
main.js,476,js,da2e652e,你的名字,2026-05-06,14:00:00,-07:00,2026-05-06T14:00:00-07:00,0,7
main.js,477,js,da2e652e,你的名字,2026-05-06,14:00:00,-07:00,2026-05-06T14:00:00-07:00,0,39
main.js,478,js,da2e652e,你的名字,2026-05-06,14:00:00,-07:00,2026-05-06T14:00:00-07:00,0,0
main.js,479,js,da2e652e,你的名字,2026-05-06,14:00:00,-07:00,2026-05-06T14:00:00-07:00,0,0
main.js,480,js,da2e652e,你的名字,2026-05-06,14:00:00,-07:00,2026-05-06T14:00:00-07:00,0,15
main.js,481,js,da2e652e,你的名字,2026-05-06,14:00:00,-07:00,2026-05-06T14:00:00-07:00,0,0
main.js,482,js,da2e652e,你的名字,2026-05-06,14:00:00,-07:00,2026-05-06T14:00:00-07:00,0,18
main.js,483,js,da2e652e,你的名字,2026-05-06,14:00:00,-07:00,2026-05-06T14:00:00-07:00,0,0
main.js,484,js,da2e652e,你的名字,2026-05-06,14:00:00,-07:00,2026-05-06T14:00:00-07:00,0,19
main.js,485,js,da2e652e,你的名字,2026-05-06,14:00:00,-07:00,2026-05-06T14:00:00-07:00,0,0
main.js,486,js,da2e652e,你的名字,2026-05-06,14:00:00,-07:00,2026-05-06T14:00:00-07:00,0,5
main.js,487,js,da2e652e,你的名字,2026-05-06,14:00:00,-07:00,2026-05-06T14:00:00-07:00,0,7
main.js,488,js,da2e652e,你的名字,2026-05-06,14:00:00,-07:00,2026-05-06T14:00:00-07:00,0,10
main.js,489,js,da2e652e,你的名字,2026-05-06,14:00:00,-07:00,2026-05-06T14:00:00-07:00,0,17
main.js,490,js,da2e652e,你的名字,2026-05-06,14:00:00,-07:00,2026-05-06T14:00:00-07:00,0,1
main.js,491,js,da2e652e,你的名字,2026-05-06,14:00:00,-07:00,2026-05-06T14:00:00-07:00,0,8
main.js,492,js,da2e652e,你的名字,2026-05-06,14:00:00,-07:00,2026-05-06T14:00:00-07:00,0,0
main.js,493,js,da2e652e,你的名字,2026-05-06,14:00:00,-07:00,2026-05-06T14:00:00-07:00,0,0
main.js,494,js,da2e652e,你的名字,2026-05-06,14:00:00,-07:00,2026-05-06T14:00:00-07:00,0,14
main.js,495,js,da2e652e,你的名字,2026-05-06,14:00:00,-07:00,2026-05-06T14:00:00-07:00,0,0
main.js,496,js,da2e652e,你的名字,2026-05-06,14:00:00,-07:00,2026-05-06T14:00:00-07:00,0,23
main.js,497,js,da2e652e,你的名字,2026-05-06,14:00:00,-07:00,2026-05-06T14:00:00-07:00,0,0
main.js,498,js,da2e652e,你的名字,2026-05-06,14:00:00,-07:00,2026-05-06T14:00:00-07:00,0,5
main.js,499,js,da2e652e,你的名字,2026-05-06,14:00:00,-07:00,2026-05-06T14:00:00-07:00,0,4
main.js,500,js,da2e652e,你的名字,2026-05-06,14:00:00,-07:00,2026-05-06T14:00:00-07:00,0,22
main.js,501,js,da2e652e,你的名字,2026-05-06,14:00:00,-07:00,2026-05-06T14:00:00-07:00,0,0
main.js,502,js,da2e652e,你的名字,2026-05-06,14:00:00,-07:00,2026-05-06T14:00:00-07:00,0,0
main.js,503,js,da2e652e,你的名字,2026-05-06,14:00:00,-07:00,2026-05-06T14:00:00-07:00,0,5
main.js,504,js,da2e652e,你的名字,2026-05-06,14:00:00,-07:00,2026-05-06T14:00:00-07:00,0,4
main.js,505,js,da2e652e,你的名字,2026-05-06,14:00:00,-07:00,2026-05-06T14:00:00-07:00,0,22
main.js,506,js,da2e652e,你的名字,2026-05-06,14:00:00,-07:00,2026-05-06T14:00:00-07:00,0,0
main.js,507,js,da2e652e,你的名字,2026-05-06,14:00:00,-07:00,2026-05-06T14:00:00-07:00,0,0
main.js,508,js,da2e652e,你的名字,2026-05-06,14:00:00,-07:00,2026-05-06T14:00:00-07:00,0,5
main.js,509,js,da2e652e,你的名字,2026-05-06,14:00:00,-07:00,2026-05-06T14:00:00-07:00,0,3
main.js,510,js,da2e652e,你的名字,2026-05-06,14:00:00,-07:00,2026-05-06T14:00:00-07:00,0,24
main.js,511,js,da2e652e,你的名字,2026-05-06,14:00:00,-07:00,2026-05-06T14:00:00-07:00,0,0
main.js,512,js,da2e652e,你的名字,2026-05-06,14:00:00,-07:00,2026-05-06T14:00:00-07:00,0,0
main.js,513,js,da2e652e,你的名字,2026-05-06,14:00:00,-07:00,2026-05-06T14:00:00-07:00,0,20
main.js,514,js,da2e652e,你的名字,2026-05-06,14:00:00,-07:00,2026-05-06T14:00:00-07:00,0,0
main.js,515,js,00000000,Not Committed Yet,2026-05-22,20:58:01,-07:00,2026-05-22T20:58:01-07:00,0,25
main.js,516,js,00000000,Not Committed Yet,2026-05-22,20:58:01,-07:00,2026-05-22T20:58:01-07:00,0,0
main.js,517,js,00000000,Not Committed Yet,2026-05-22,20:58:01,-07:00,2026-05-22T20:58:01-07:00,0,37
main.js,518,js,00000000,Not Committed Yet,2026-05-22,20:58:01,-07:00,2026-05-22T20:58:01-07:00,0,0
main.js,519,js,00000000,Not Committed Yet,2026-05-22,20:58:01,-07:00,2026-05-22T20:58:01-07:00,0,28
main.js,520,js,00000000,Not Committed Yet,2026-05-22,20:58:01,-07:00,2026-05-22T20:58:01-07:00,0,0
main.js,521,js,00000000,Not Committed Yet,2026-05-22,20:58:01,-07:00,2026-05-22T20:58:01-07:00,0,29
main.js,522,js,00000000,Not Committed Yet,2026-05-22,20:58:01,-07:00,2026-05-22T20:58:01-07:00,0,0
main.js,523,js,00000000,Not Committed Yet,2026-05-22,20:58:01,-07:00,2026-05-22T20:58:01-07:00,0,28
main.js,524,js,00000000,Not Committed Yet,2026-05-22,20:58:01,-07:00,2026-05-22T20:58:01-07:00,0,1
main.js,525,js,00000000,Not Committed Yet,2026-05-22,20:58:01,-07:00,2026-05-22T20:58:01-07:00,0,0
main.js,526,js,00000000,Not Committed Yet,2026-05-22,20:58:01,-07:00,2026-05-22T20:58:01-07:00,0,24
main.js,527,js,00000000,Not Committed Yet,2026-05-22,20:58:01,-07:00,2026-05-22T20:58:01-07:00,0,0
main.js,528,js,00000000,Not Committed Yet,2026-05-22,20:58:01,-07:00,2026-05-22T20:58:01-07:00,0,30
main.js,529,js,00000000,Not Committed Yet,2026-05-22,20:58:01,-07:00,2026-05-22T20:58:01-07:00,0,2
main.js,530,js,da2e652e,你的名字,2026-05-06,14:00:00,-07:00,2026-05-06T14:00:00-07:00,0,0
main.js,531,js,da2e652e,你的名字,2026-05-06,14:00:00,-07:00,2026-05-06T14:00:00-07:00,0,0
main.js,532,js,00000000,Not Committed Yet,2026-05-22,20:58:01,-07:00,2026-05-22T20:58:01-07:00,0,39
main.js,533,js,21dfedfb,你的名字,2026-05-07,18:30:00,-07:00,2026-05-07T18:30:00-07:00,0,0
main.js,534,js,21dfedfb,你的名字,2026-05-07,18:30:00,-07:00,2026-05-07T18:30:00-07:00,0,26
main.js,535,js,21dfedfb,你的名字,2026-05-07,18:30:00,-07:00,2026-05-07T18:30:00-07:00,0,0
main.js,536,js,21dfedfb,你的名字,2026-05-07,18:30:00,-07:00,2026-05-07T18:30:00-07:00,0,18
main.js,537,js,21dfedfb,你的名字,2026-05-07,18:30:00,-07:00,2026-05-07T18:30:00-07:00,0,0
main.js,538,js,00000000,Not Committed Yet,2026-05-22,20:58:01,-07:00,2026-05-22T20:58:01-07:00,0,16
main.js,539,js,21dfedfb,你的名字,2026-05-07,18:30:00,-07:00,2026-05-07T18:30:00-07:00,0,0
main.js,540,js,21dfedfb,你的名字,2026-05-07,18:30:00,-07:00,2026-05-07T18:30:00-07:00,0,11
main.js,541,js,21dfedfb,你的名字,2026-05-07,18:30:00,-07:00,2026-05-07T18:30:00-07:00,0,0
main.js,542,js,21dfedfb,你的名字,2026-05-07,18:30:00,-07:00,2026-05-07T18:30:00-07:00,0,21
main.js,543,js,21dfedfb,你的名字,2026-05-07,18:30:00,-07:00,2026-05-07T18:30:00-07:00,0,0
main.js,544,js,21dfedfb,你的名字,2026-05-07,18:30:00,-07:00,2026-05-07T18:30:00-07:00,0,16
main.js,545,js,21dfedfb,你的名字,2026-05-07,18:30:00,-07:00,2026-05-07T18:30:00-07:00,0,0
main.js,546,js,21dfedfb,你的名字,2026-05-07,18:30:00,-07:00,2026-05-07T18:30:00-07:00,0,2
main.js,547,js,21dfedfb,你的名字,2026-05-07,18:30:00,-07:00,2026-05-07T18:30:00-07:00,0,0
main.js,548,js,21dfedfb,你的名字,2026-05-07,18:30:00,-07:00,2026-05-07T18:30:00-07:00,0,37
main.js,549,js,21dfedfb,你的名字,2026-05-07,18:30:00,-07:00,2026-05-07T18:30:00-07:00,0,0
main.js,550,js,21dfedfb,你的名字,2026-05-07,18:30:00,-07:00,2026-05-07T18:30:00-07:00,0,17
main.js,551,js,21dfedfb,你的名字,2026-05-07,18:30:00,-07:00,2026-05-07T18:30:00-07:00,0,0
main.js,552,js,21dfedfb,你的名字,2026-05-07,18:30:00,-07:00,2026-05-07T18:30:00-07:00,0,18
main.js,553,js,21dfedfb,你的名字,2026-05-07,18:30:00,-07:00,2026-05-07T18:30:00-07:00,0,0
main.js,554,js,21dfedfb,你的名字,2026-05-07,18:30:00,-07:00,2026-05-07T18:30:00-07:00,0,3
main.js,555,js,21dfedfb,你的名字,2026-05-07,18:30:00,-07:00,2026-05-07T18:30:00-07:00,0,0
main.js,556,js,21dfedfb,你的名字,2026-05-07,18:30:00,-07:00,2026-05-07T18:30:00-07:00,0,5
main.js,557,js,21dfedfb,你的名字,2026-05-07,18:30:00,-07:00,2026-05-07T18:30:00-07:00,0,0
main.js,558,js,21dfedfb,你的名字,2026-05-07,18:30:00,-07:00,2026-05-07T18:30:00-07:00,0,34
main.js,559,js,21dfedfb,你的名字,2026-05-07,18:30:00,-07:00,2026-05-07T18:30:00-07:00,0,0
main.js,560,js,21dfedfb,你的名字,2026-05-07,18:30:00,-07:00,2026-05-07T18:30:00-07:00,0,1
main.js,561,js,21dfedfb,你的名字,2026-05-07,18:30:00,-07:00,2026-05-07T18:30:00-07:00,0,4
main.js,562,js,21dfedfb,你的名字,2026-05-07,18:30:00,-07:00,2026-05-07T18:30:00-07:00,0,26
main.js,563,js,21dfedfb,你的名字,2026-05-07,18:30:00,-07:00,2026-05-07T18:30:00-07:00,0,39
main.js,564,js,21dfedfb,你的名字,2026-05-07,18:30:00,-07:00,2026-05-07T18:30:00-07:00,0,0
main.js,565,js,21dfedfb,你的名字,2026-05-07,18:30:00,-07:00,2026-05-07T18:30:00-07:00,0,0
main.js,566,js,21dfedfb,你的名字,2026-05-07,18:30:00,-07:00,2026-05-07T18:30:00-07:00,0,4
main.js,567,js,21dfedfb,你的名字,2026-05-07,18:30:00,-07:00,2026-05-07T18:30:00-07:00,0,0
main.js,568,js,21dfedfb,你的名字,2026-05-07,18:30:00,-07:00,2026-05-07T18:30:00-07:00,0,36
main.js,569,js,21dfedfb,你的名字,2026-05-07,18:30:00,-07:00,2026-05-07T18:30:00-07:00,0,0
main.js,570,js,21dfedfb,你的名字,2026-05-07,18:30:00,-07:00,2026-05-07T18:30:00-07:00,0,12
main.js,571,js,21dfedfb,你的名字,2026-05-07,18:30:00,-07:00,2026-05-07T18:30:00-07:00,0,7
main.js,572,js,21dfedfb,你的名字,2026-05-07,18:30:00,-07:00,2026-05-07T18:30:00-07:00,0,13
main.js,573,js,21dfedfb,你的名字,2026-05-07,18:30:00,-07:00,2026-05-07T18:30:00-07:00,0,10
main.js,574,js,21dfedfb,你的名字,2026-05-07,18:30:00,-07:00,2026-05-07T18:30:00-07:00,0,8
main.js,575,js,21dfedfb,你的名字,2026-05-07,18:30:00,-07:00,2026-05-07T18:30:00-07:00,0,0
main.js,576,js,21dfedfb,你的名字,2026-05-07,18:30:00,-07:00,2026-05-07T18:30:00-07:00,0,5
main.js,577,js,21dfedfb,你的名字,2026-05-07,18:30:00,-07:00,2026-05-07T18:30:00-07:00,0,0
main.js,578,js,21dfedfb,你的名字,2026-05-07,18:30:00,-07:00,2026-05-07T18:30:00-07:00,0,33
main.js,579,js,21dfedfb,你的名字,2026-05-07,18:30:00,-07:00,2026-05-07T18:30:00-07:00,0,31
main.js,580,js,21dfedfb,你的名字,2026-05-07,18:30:00,-07:00,2026-05-07T18:30:00-07:00,0,0
main.js,581,js,21dfedfb,你的名字,2026-05-07,18:30:00,-07:00,2026-05-07T18:30:00-07:00,0,3
main.js,582,js,21dfedfb,你的名字,2026-05-07,18:30:00,-07:00,2026-05-07T18:30:00-07:00,0,2
main.js,583,js,21dfedfb,你的名字,2026-05-07,18:30:00,-07:00,2026-05-07T18:30:00-07:00,0,0
main.js,584,js,21dfedfb,你的名字,2026-05-07,18:30:00,-07:00,2026-05-07T18:30:00-07:00,0,31
main.js,585,js,21dfedfb,你的名字,2026-05-07,18:30:00,-07:00,2026-05-07T18:30:00-07:00,0,0
main.js,586,js,21dfedfb,你的名字,2026-05-07,18:30:00,-07:00,2026-05-07T18:30:00-07:00,0,14
main.js,587,js,21dfedfb,你的名字,2026-05-07,18:30:00,-07:00,2026-05-07T18:30:00-07:00,0,34
main.js,588,js,21dfedfb,你的名字,2026-05-07,18:30:00,-07:00,2026-05-07T18:30:00-07:00,0,0
main.js,589,js,21dfedfb,你的名字,2026-05-07,18:30:00,-07:00,2026-05-07T18:30:00-07:00,0,32
main.js,590,js,21dfedfb,你的名字,2026-05-07,18:30:00,-07:00,2026-05-07T18:30:00-07:00,0,31
main.js,591,js,21dfedfb,你的名字,2026-05-07,18:30:00,-07:00,2026-05-07T18:30:00-07:00,0,1
main.js,592,js,21dfedfb,你的名字,2026-05-07,18:30:00,-07:00,2026-05-07T18:30:00-07:00,0,0
main.js,593,js,21dfedfb,你的名字,2026-05-07,18:30:00,-07:00,2026-05-07T18:30:00-07:00,0,34
main.js,594,js,00000000,Not Committed Yet,2026-05-22,20:58:01,-07:00,2026-05-22T20:58:01-07:00,0,0
main.js,595,js,63eb8ec7,你的名字,2026-05-08,13:00:00,-07:00,2026-05-08T13:00:00-07:00,0,34
main.js,596,js,00000000,Not Committed Yet,2026-05-22,20:58:01,-07:00,2026-05-22T20:58:01-07:00,0,0
main.js,597,js,00000000,Not Committed Yet,2026-05-22,20:58:01,-07:00,2026-05-22T20:58:01-07:00,0,34
main.js,598,js,00000000,Not Committed Yet,2026-05-22,20:58:01,-07:00,2026-05-22T20:58:01-07:00,0,0
main.js,599,js,63eb8ec7,你的名字,2026-05-08,13:00:00,-07:00,2026-05-08T13:00:00-07:00,0,33
main.js,600,js,21dfedfb,你的名字,2026-05-07,18:30:00,-07:00,2026-05-07T18:30:00-07:00,0,0
main.js,601,js,21dfedfb,你的名字,2026-05-07,18:30:00,-07:00,2026-05-07T18:30:00-07:00,0,0
main.js,602,js,21dfedfb,你的名字,2026-05-07,18:30:00,-07:00,2026-05-07T18:30:00-07:00,0,31
main.js,603,js,21dfedfb,你的名字,2026-05-07,18:30:00,-07:00,2026-05-07T18:30:00-07:00,0,0
main.js,604,js,00000000,Not Committed Yet,2026-05-22,20:58:01,-07:00,2026-05-22T20:58:01-07:00,0,27
main.js,605,js,00000000,Not Committed Yet,2026-05-22,20:58:01,-07:00,2026-05-22T20:58:01-07:00,0,0
main.js,606,js,00000000,Not Committed Yet,2026-05-22,20:58:01,-07:00,2026-05-22T20:58:01-07:00,0,29
main.js,607,js,21dfedfb,你的名字,2026-05-07,18:30:00,-07:00,2026-05-07T18:30:00-07:00,0,0
main.js,608,js,00000000,Not Committed Yet,2026-05-22,20:58:01,-07:00,2026-05-22T20:58:01-07:00,0,8
main.js,609,js,21dfedfb,你的名字,2026-05-07,18:30:00,-07:00,2026-05-07T18:30:00-07:00,0,0
main.js,610,js,21dfedfb,你的名字,2026-05-07,18:30:00,-07:00,2026-05-07T18:30:00-07:00,0,7
main.js,611,js,21dfedfb,你的名字,2026-05-07,18:30:00,-07:00,2026-05-07T18:30:00-07:00,0,0
main.js,612,js,21dfedfb,你的名字,2026-05-07,18:30:00,-07:00,2026-05-07T18:30:00-07:00,0,23
main.js,613,js,21dfedfb,你的名字,2026-05-07,18:30:00,-07:00,2026-05-07T18:30:00-07:00,0,0
main.js,614,js,21dfedfb,你的名字,2026-05-07,18:30:00,-07:00,2026-05-07T18:30:00-07:00,0,28
main.js,615,js,21dfedfb,你的名字,2026-05-07,18:30:00,-07:00,2026-05-07T18:30:00-07:00,0,0
main.js,616,js,21dfedfb,你的名字,2026-05-07,18:30:00,-07:00,2026-05-07T18:30:00-07:00,0,11
main.js,617,js,21dfedfb,你的名字,2026-05-07,18:30:00,-07:00,2026-05-07T18:30:00-07:00,0,0
main.js,618,js,21dfedfb,你的名字,2026-05-07,18:30:00,-07:00,2026-05-07T18:30:00-07:00,0,1
main.js,619,js,21dfedfb,你的名字,2026-05-07,18:30:00,-07:00,2026-05-07T18:30:00-07:00,0,0
main.js,620,js,21dfedfb,你的名字,2026-05-07,18:30:00,-07:00,2026-05-07T18:30:00-07:00,0,25
main.js,621,js,00000000,Not Committed Yet,2026-05-22,20:58:01,-07:00,2026-05-22T20:58:01-07:00,0,0
main.js,622,js,00000000,Not Committed Yet,2026-05-22,20:58:01,-07:00,2026-05-22T20:58:01-07:00,0,28
main.js,623,js,00000000,Not Committed Yet,2026-05-22,20:58:01,-07:00,2026-05-22T20:58:01-07:00,0,0
main.js,624,js,00000000,Not Committed Yet,2026-05-22,20:58:01,-07:00,2026-05-22T20:58:01-07:00,0,29
main.js,625,js,00000000,Not Committed Yet,2026-05-22,20:58:01,-07:00,2026-05-22T20:58:01-07:00,0,0
main.js,626,js,00000000,Not Committed Yet,2026-05-22,20:58:01,-07:00,2026-05-22T20:58:01-07:00,0,8
main.js,627,js,00000000,Not Committed Yet,2026-05-22,20:58:01,-07:00,2026-05-22T20:58:01-07:00,0,0
main.js,628,js,00000000,Not Committed Yet,2026-05-22,20:58:01,-07:00,2026-05-22T20:58:01-07:00,0,7
main.js,629,js,00000000,Not Committed Yet,2026-05-22,20:58:01,-07:00,2026-05-22T20:58:01-07:00,0,0
main.js,630,js,00000000,Not Committed Yet,2026-05-22,20:58:01,-07:00,2026-05-22T20:58:01-07:00,0,23
main.js,631,js,00000000,Not Committed Yet,2026-05-22,20:58:01,-07:00,2026-05-22T20:58:01-07:00,0,0
main.js,632,js,00000000,Not Committed Yet,2026-05-22,20:58:01,-07:00,2026-05-22T20:58:01-07:00,0,26
main.js,633,js,00000000,Not Committed Yet,2026-05-22,20:58:01,-07:00,2026-05-22T20:58:01-07:00,0,0
main.js,634,js,00000000,Not Committed Yet,2026-05-22,20:58:01,-07:00,2026-05-22T20:58:01-07:00,0,11
main.js,635,js,00000000,Not Committed Yet,2026-05-22,20:58:01,-07:00,2026-05-22T20:58:01-07:00,0,0
main.js,636,js,00000000,Not Committed Yet,2026-05-22,20:58:01,-07:00,2026-05-22T20:58:01-07:00,0,1
main.js,637,js,00000000,Not Committed Yet,2026-05-22,20:58:01,-07:00,2026-05-22T20:58:01-07:00,0,0
main.js,638,js,00000000,Not Committed Yet,2026-05-22,20:58:01,-07:00,2026-05-22T20:58:01-07:00,0,25
main.js,639,js,00000000,Not Committed Yet,2026-05-22,20:58:01,-07:00,2026-05-22T20:58:01-07:00,0,0
main.js,640,js,00000000,Not Committed Yet,2026-05-22,20:58:01,-07:00,2026-05-22T20:58:01-07:00,0,14
main.js,641,js,00000000,Not Committed Yet,2026-05-22,20:58:01,-07:00,2026-05-22T20:58:01-07:00,0,34
main.js,642,js,00000000,Not Committed Yet,2026-05-22,20:58:01,-07:00,2026-05-22T20:58:01-07:00,0,0
main.js,643,js,00000000,Not Committed Yet,2026-05-22,20:58:01,-07:00,2026-05-22T20:58:01-07:00,0,32
main.js,644,js,00000000,Not Committed Yet,2026-05-22,20:58:01,-07:00,2026-05-22T20:58:01-07:00,0,31
main.js,645,js,00000000,Not Committed Yet,2026-05-22,20:58:01,-07:00,2026-05-22T20:58:01-07:00,0,1
main.js,646,js,00000000,Not Committed Yet,2026-05-22,20:58:01,-07:00,2026-05-22T20:58:01-07:00,0,0
main.js,647,js,00000000,Not Committed Yet,2026-05-22,20:58:01,-07:00,2026-05-22T20:58:01-07:00,0,34
main.js,648,js,00000000,Not Committed Yet,2026-05-22,20:58:01,-07:00,2026-05-22T20:58:01-07:00,0,2
main.js,649,js,21dfedfb,你的名字,2026-05-07,18:30:00,-07:00,2026-05-07T18:30:00-07:00,0,0
main.js,650,js,21dfedfb,你的名字,2026-05-07,18:30:00,-07:00,2026-05-07T18:30:00-07:00,0,0
main.js,651,js,63eb8ec7,你的名字,2026-05-08,13:00:00,-07:00,2026-05-08T13:00:00-07:00,0,39
main.js,652,js,63eb8ec7,你的名字,2026-05-08,13:00:00,-07:00,2026-05-08T13:00:00-07:00,0,0
main.js,653,js,63eb8ec7,你的名字,2026-05-08,13:00:00,-07:00,2026-05-08T13:00:00-07:00,0,10
main.js,654,js,63eb8ec7,你的名字,2026-05-08,13:00:00,-07:00,2026-05-08T13:00:00-07:00,0,32
main.js,655,js,63eb8ec7,你的名字,2026-05-08,13:00:00,-07:00,2026-05-08T13:00:00-07:00,0,0
main.js,656,js,63eb8ec7,你的名字,2026-05-08,13:00:00,-07:00,2026-05-08T13:00:00-07:00,0,21
main.js,657,js,63eb8ec7,你的名字,2026-05-08,13:00:00,-07:00,2026-05-08T13:00:00-07:00,0,5
main.js,658,js,63eb8ec7,你的名字,2026-05-08,13:00:00,-07:00,2026-05-08T13:00:00-07:00,0,10
main.js,659,js,63eb8ec7,你的名字,2026-05-08,13:00:00,-07:00,2026-05-08T13:00:00-07:00,0,0
main.js,660,js,63eb8ec7,你的名字,2026-05-08,13:00:00,-07:00,2026-05-08T13:00:00-07:00,0,0
main.js,661,js,63eb8ec7,你的名字,2026-05-08,13:00:00,-07:00,2026-05-08T13:00:00-07:00,0,25
main.js,662,js,63eb8ec7,你的名字,2026-05-08,13:00:00,-07:00,2026-05-08T13:00:00-07:00,0,4
main.js,663,js,63eb8ec7,你的名字,2026-05-08,13:00:00,-07:00,2026-05-08T13:00:00-07:00,0,5
main.js,664,js,63eb8ec7,你的名字,2026-05-08,13:00:00,-07:00,2026-05-08T13:00:00-07:00,0,2
main.js,665,js,63eb8ec7,你的名字,2026-05-08,13:00:00,-07:00,2026-05-08T13:00:00-07:00,0,0
main.js,666,js,63eb8ec7,你的名字,2026-05-08,13:00:00,-07:00,2026-05-08T13:00:00-07:00,0,5
main.js,667,js,63eb8ec7,你的名字,2026-05-08,13:00:00,-07:00,2026-05-08T13:00:00-07:00,0,8
main.js,668,js,63eb8ec7,你的名字,2026-05-08,13:00:00,-07:00,2026-05-08T13:00:00-07:00,0,30
main.js,669,js,63eb8ec7,你的名字,2026-05-08,13:00:00,-07:00,2026-05-08T13:00:00-07:00,0,1
main.js,670,js,63eb8ec7,你的名字,2026-05-08,13:00:00,-07:00,2026-05-08T13:00:00-07:00,0,0
main.js,671,js,63eb8ec7,你的名字,2026-05-08,13:00:00,-07:00,2026-05-08T13:00:00-07:00,0,24
main.js,672,js,63eb8ec7,你的名字,2026-05-08,13:00:00,-07:00,2026-05-08T13:00:00-07:00,0,16
main.js,673,js,63eb8ec7,你的名字,2026-05-08,13:00:00,-07:00,2026-05-08T13:00:00-07:00,0,0
main.js,674,js,63eb8ec7,你的名字,2026-05-08,13:00:00,-07:00,2026-05-08T13:00:00-07:00,0,18
main.js,675,js,63eb8ec7,你的名字,2026-05-08,13:00:00,-07:00,2026-05-08T13:00:00-07:00,0,0
main.js,676,js,63eb8ec7,你的名字,2026-05-08,13:00:00,-07:00,2026-05-08T13:00:00-07:00,0,24
main.js,677,js,63eb8ec7,你的名字,2026-05-08,13:00:00,-07:00,2026-05-08T13:00:00-07:00,0,0
main.js,678,js,63eb8ec7,你的名字,2026-05-08,13:00:00,-07:00,2026-05-08T13:00:00-07:00,0,5
main.js,679,js,63eb8ec7,你的名字,2026-05-08,13:00:00,-07:00,2026-05-08T13:00:00-07:00,0,9
main.js,680,js,63eb8ec7,你的名字,2026-05-08,13:00:00,-07:00,2026-05-08T13:00:00-07:00,0,0
main.js,681,js,63eb8ec7,你的名字,2026-05-08,13:00:00,-07:00,2026-05-08T13:00:00-07:00,0,16
main.js,682,js,63eb8ec7,你的名字,2026-05-08,13:00:00,-07:00,2026-05-08T13:00:00-07:00,0,13
main.js,683,js,63eb8ec7,你的名字,2026-05-08,13:00:00,-07:00,2026-05-08T13:00:00-07:00,0,22
main.js,684,js,63eb8ec7,你的名字,2026-05-08,13:00:00,-07:00,2026-05-08T13:00:00-07:00,0,0
main.js,685,js,63eb8ec7,你的名字,2026-05-08,13:00:00,-07:00,2026-05-08T13:00:00-07:00,0,15
main.js,686,js,63eb8ec7,你的名字,2026-05-08,13:00:00,-07:00,2026-05-08T13:00:00-07:00,0,15
main.js,687,js,63eb8ec7,你的名字,2026-05-08,13:00:00,-07:00,2026-05-08T13:00:00-07:00,0,0
main.js,688,js,63eb8ec7,你的名字,2026-05-08,13:00:00,-07:00,2026-05-08T13:00:00-07:00,0,16
main.js,689,js,63eb8ec7,你的名字,2026-05-08,13:00:00,-07:00,2026-05-08T13:00:00-07:00,0,0
main.js,690,js,63eb8ec7,你的名字,2026-05-08,13:00:00,-07:00,2026-05-08T13:00:00-07:00,0,10
main.js,691,js,63eb8ec7,你的名字,2026-05-08,13:00:00,-07:00,2026-05-08T13:00:00-07:00,0,1
main.js,692,js,63eb8ec7,你的名字,2026-05-08,13:00:00,-07:00,2026-05-08T13:00:00-07:00,0,0
main.js,693,js,63eb8ec7,你的名字,2026-05-08,13:00:00,-07:00,2026-05-08T13:00:00-07:00,0,16
main.js,694,js,63eb8ec7,你的名字,2026-05-08,13:00:00,-07:00,2026-05-08T13:00:00-07:00,0,0
main.js,695,js,63eb8ec7,你的名字,2026-05-08,13:00:00,-07:00,2026-05-08T13:00:00-07:00,0,20
main.js,696,js,63eb8ec7,你的名字,2026-05-08,13:00:00,-07:00,2026-05-08T13:00:00-07:00,0,1
main.js,697,js,63eb8ec7,你的名字,2026-05-08,13:00:00,-07:00,2026-05-08T13:00:00-07:00,0,0
main.js,698,js,63eb8ec7,你的名字,2026-05-08,13:00:00,-07:00,2026-05-08T13:00:00-07:00,0,13
main.js,699,js,63eb8ec7,你的名字,2026-05-08,13:00:00,-07:00,2026-05-08T13:00:00-07:00,0,17
main.js,700,js,63eb8ec7,你的名字,2026-05-08,13:00:00,-07:00,2026-05-08T13:00:00-07:00,0,0
main.js,701,js,63eb8ec7,你的名字,2026-05-08,13:00:00,-07:00,2026-05-08T13:00:00-07:00,0,11
main.js,702,js,63eb8ec7,你的名字,2026-05-08,13:00:00,-07:00,2026-05-08T13:00:00-07:00,0,8
main.js,703,js,63eb8ec7,你的名字,2026-05-08,13:00:00,-07:00,2026-05-08T13:00:00-07:00,0,37
main.js,704,js,63eb8ec7,你的名字,2026-05-08,13:00:00,-07:00,2026-05-08T13:00:00-07:00,0,2
main.js,705,js,63eb8ec7,你的名字,2026-05-08,13:00:00,-07:00,2026-05-08T13:00:00-07:00,0,0
main.js,706,js,63eb8ec7,你的名字,2026-05-08,13:00:00,-07:00,2026-05-08T13:00:00-07:00,0,13
main.js,707,js,63eb8ec7,你的名字,2026-05-08,13:00:00,-07:00,2026-05-08T13:00:00-07:00,0,12
main.js,708,js,63eb8ec7,你的名字,2026-05-08,13:00:00,-07:00,2026-05-08T13:00:00-07:00,0,0
main.js,709,js,63eb8ec7,你的名字,2026-05-08,13:00:00,-07:00,2026-05-08T13:00:00-07:00,0,17
main.js,710,js,63eb8ec7,你的名字,2026-05-08,13:00:00,-07:00,2026-05-08T13:00:00-07:00,0,0
main.js,711,js,63eb8ec7,你的名字,2026-05-08,13:00:00,-07:00,2026-05-08T13:00:00-07:00,0,18
main.js,712,js,63eb8ec7,你的名字,2026-05-08,13:00:00,-07:00,2026-05-08T13:00:00-07:00,0,0
main.js,713,js,63eb8ec7,你的名字,2026-05-08,13:00:00,-07:00,2026-05-08T13:00:00-07:00,0,11
main.js,714,js,63eb8ec7,你的名字,2026-05-08,13:00:00,-07:00,2026-05-08T13:00:00-07:00,0,0
main.js,715,js,63eb8ec7,你的名字,2026-05-08,13:00:00,-07:00,2026-05-08T13:00:00-07:00,0,20
main.js,716,js,63eb8ec7,你的名字,2026-05-08,13:00:00,-07:00,2026-05-08T13:00:00-07:00,0,0
main.js,717,js,63eb8ec7,你的名字,2026-05-08,13:00:00,-07:00,2026-05-08T13:00:00-07:00,0,6
main.js,718,js,63eb8ec7,你的名字,2026-05-08,13:00:00,-07:00,2026-05-08T13:00:00-07:00,0,9
main.js,719,js,63eb8ec7,你的名字,2026-05-08,13:00:00,-07:00,2026-05-08T13:00:00-07:00,0,18
main.js,720,js,63eb8ec7,你的名字,2026-05-08,13:00:00,-07:00,2026-05-08T13:00:00-07:00,0,1
main.js,721,js,63eb8ec7,你的名字,2026-05-08,13:00:00,-07:00,2026-05-08T13:00:00-07:00,0,0
main.js,722,js,63eb8ec7,你的名字,2026-05-08,13:00:00,-07:00,2026-05-08T13:00:00-07:00,0,0
main.js,723,js,63eb8ec7,你的名字,2026-05-08,13:00:00,-07:00,2026-05-08T13:00:00-07:00,0,38
main.js,724,js,63eb8ec7,你的名字,2026-05-08,13:00:00,-07:00,2026-05-08T13:00:00-07:00,0,0
main.js,725,js,63eb8ec7,你的名字,2026-05-08,13:00:00,-07:00,2026-05-08T13:00:00-07:00,0,24
main.js,726,js,63eb8ec7,你的名字,2026-05-08,13:00:00,-07:00,2026-05-08T13:00:00-07:00,0,0
main.js,727,js,63eb8ec7,你的名字,2026-05-08,13:00:00,-07:00,2026-05-08T13:00:00-07:00,0,18
main.js,728,js,63eb8ec7,你的名字,2026-05-08,13:00:00,-07:00,2026-05-08T13:00:00-07:00,0,0
main.js,729,js,63eb8ec7,你的名字,2026-05-08,13:00:00,-07:00,2026-05-08T13:00:00-07:00,0,16
main.js,730,js,63eb8ec7,你的名字,2026-05-08,13:00:00,-07:00,2026-05-08T13:00:00-07:00,0,0
main.js,731,js,63eb8ec7,你的名字,2026-05-08,13:00:00,-07:00,2026-05-08T13:00:00-07:00,0,11
main.js,732,js,63eb8ec7,你的名字,2026-05-08,13:00:00,-07:00,2026-05-08T13:00:00-07:00,0,0
main.js,733,js,63eb8ec7,你的名字,2026-05-08,13:00:00,-07:00,2026-05-08T13:00:00-07:00,0,21
main.js,734,js,63eb8ec7,你的名字,2026-05-08,13:00:00,-07:00,2026-05-08T13:00:00-07:00,0,0
main.js,735,js,63eb8ec7,你的名字,2026-05-08,13:00:00,-07:00,2026-05-08T13:00:00-07:00,0,16
main.js,736,js,63eb8ec7,你的名字,2026-05-08,13:00:00,-07:00,2026-05-08T13:00:00-07:00,0,0
main.js,737,js,63eb8ec7,你的名字,2026-05-08,13:00:00,-07:00,2026-05-08T13:00:00-07:00,0,2
main.js,738,js,63eb8ec7,你的名字,2026-05-08,13:00:00,-07:00,2026-05-08T13:00:00-07:00,0,0
main.js,739,js,63eb8ec7,你的名字,2026-05-08,13:00:00,-07:00,2026-05-08T13:00:00-07:00,0,37
main.js,740,js,63eb8ec7,你的名字,2026-05-08,13:00:00,-07:00,2026-05-08T13:00:00-07:00,0,0
main.js,741,js,63eb8ec7,你的名字,2026-05-08,13:00:00,-07:00,2026-05-08T13:00:00-07:00,0,17
main.js,742,js,63eb8ec7,你的名字,2026-05-08,13:00:00,-07:00,2026-05-08T13:00:00-07:00,0,0
main.js,743,js,63eb8ec7,你的名字,2026-05-08,13:00:00,-07:00,2026-05-08T13:00:00-07:00,0,18
main.js,744,js,63eb8ec7,你的名字,2026-05-08,13:00:00,-07:00,2026-05-08T13:00:00-07:00,0,0
main.js,745,js,63eb8ec7,你的名字,2026-05-08,13:00:00,-07:00,2026-05-08T13:00:00-07:00,0,3
main.js,746,js,63eb8ec7,你的名字,2026-05-08,13:00:00,-07:00,2026-05-08T13:00:00-07:00,0,0
main.js,747,js,63eb8ec7,你的名字,2026-05-08,13:00:00,-07:00,2026-05-08T13:00:00-07:00,0,5
main.js,748,js,63eb8ec7,你的名字,2026-05-08,13:00:00,-07:00,2026-05-08T13:00:00-07:00,0,0
main.js,749,js,63eb8ec7,你的名字,2026-05-08,13:00:00,-07:00,2026-05-08T13:00:00-07:00,0,34
main.js,750,js,63eb8ec7,你的名字,2026-05-08,13:00:00,-07:00,2026-05-08T13:00:00-07:00,0,0
main.js,751,js,63eb8ec7,你的名字,2026-05-08,13:00:00,-07:00,2026-05-08T13:00:00-07:00,0,1
main.js,752,js,63eb8ec7,你的名字,2026-05-08,13:00:00,-07:00,2026-05-08T13:00:00-07:00,0,4
main.js,753,js,63eb8ec7,你的名字,2026-05-08,13:00:00,-07:00,2026-05-08T13:00:00-07:00,0,26
main.js,754,js,63eb8ec7,你的名字,2026-05-08,13:00:00,-07:00,2026-05-08T13:00:00-07:00,0,39
main.js,755,js,63eb8ec7,你的名字,2026-05-08,13:00:00,-07:00,2026-05-08T13:00:00-07:00,0,0
main.js,756,js,63eb8ec7,你的名字,2026-05-08,13:00:00,-07:00,2026-05-08T13:00:00-07:00,0,0
main.js,757,js,63eb8ec7,你的名字,2026-05-08,13:00:00,-07:00,2026-05-08T13:00:00-07:00,0,4
main.js,758,js,63eb8ec7,你的名字,2026-05-08,13:00:00,-07:00,2026-05-08T13:00:00-07:00,0,0
main.js,759,js,63eb8ec7,你的名字,2026-05-08,13:00:00,-07:00,2026-05-08T13:00:00-07:00,0,36
main.js,760,js,63eb8ec7,你的名字,2026-05-08,13:00:00,-07:00,2026-05-08T13:00:00-07:00,0,0
main.js,761,js,63eb8ec7,你的名字,2026-05-08,13:00:00,-07:00,2026-05-08T13:00:00-07:00,0,12
main.js,762,js,63eb8ec7,你的名字,2026-05-08,13:00:00,-07:00,2026-05-08T13:00:00-07:00,0,7
main.js,763,js,63eb8ec7,你的名字,2026-05-08,13:00:00,-07:00,2026-05-08T13:00:00-07:00,0,13
main.js,764,js,63eb8ec7,你的名字,2026-05-08,13:00:00,-07:00,2026-05-08T13:00:00-07:00,0,10
main.js,765,js,63eb8ec7,你的名字,2026-05-08,13:00:00,-07:00,2026-05-08T13:00:00-07:00,0,8
main.js,766,js,63eb8ec7,你的名字,2026-05-08,13:00:00,-07:00,2026-05-08T13:00:00-07:00,0,0
main.js,767,js,63eb8ec7,你的名字,2026-05-08,13:00:00,-07:00,2026-05-08T13:00:00-07:00,0,5
main.js,768,js,63eb8ec7,你的名字,2026-05-08,13:00:00,-07:00,2026-05-08T13:00:00-07:00,0,0
main.js,769,js,63eb8ec7,你的名字,2026-05-08,13:00:00,-07:00,2026-05-08T13:00:00-07:00,0,33
main.js,770,js,63eb8ec7,你的名字,2026-05-08,13:00:00,-07:00,2026-05-08T13:00:00-07:00,0,31
main.js,771,js,63eb8ec7,你的名字,2026-05-08,13:00:00,-07:00,2026-05-08T13:00:00-07:00,0,0
main.js,772,js,63eb8ec7,你的名字,2026-05-08,13:00:00,-07:00,2026-05-08T13:00:00-07:00,0,3
main.js,773,js,63eb8ec7,你的名字,2026-05-08,13:00:00,-07:00,2026-05-08T13:00:00-07:00,0,2
main.js,774,js,63eb8ec7,你的名字,2026-05-08,13:00:00,-07:00,2026-05-08T13:00:00-07:00,0,0
main.js,775,js,63eb8ec7,你的名字,2026-05-08,13:00:00,-07:00,2026-05-08T13:00:00-07:00,0,0
main.js,776,js,2c53d34,你的名字,2026-05-01,18:00:00,-07:00,2026-05-01T18:00:00-07:00,0,27
main.js,777,js,2c53d34,你的名字,2026-05-01,18:00:00,-07:00,2026-05-01T18:00:00-07:00,0,0
main.js,778,js,2c53d34,你的名字,2026-05-01,18:00:00,-07:00,2026-05-01T18:00:00-07:00,0,29
main.js,779,js,2c53d34,你的名字,2026-05-01,18:00:00,-07:00,2026-05-01T18:00:00-07:00,0,40
main.js,780,js,2c53d34,你的名字,2026-05-01,18:00:00,-07:00,2026-05-01T18:00:00-07:00,0,0
main.js,781,js,2c53d34,你的名字,2026-05-01,18:00:00,-07:00,2026-05-01T18:00:00-07:00,0,17
main.js,782,js,2c53d34,你的名字,2026-05-01,18:00:00,-07:00,2026-05-01T18:00:00-07:00,0,0
main.js,783,js,2c53d34,你的名字,2026-05-01,18:00:00,-07:00,2026-05-01T18:00:00-07:00,0,20
main.js,784,js,2c53d34,你的名字,2026-05-01,18:00:00,-07:00,2026-05-01T18:00:00-07:00,0,0
main.js,785,js,888b4830,你的名字,2026-05-03,19:30:00,-07:00,2026-05-03T19:30:00-07:00,0,31
main.js,786,js,888b4830,你的名字,2026-05-03,19:30:00,-07:00,2026-05-03T19:30:00-07:00,0,0
main.js,787,js,da2e652e,你的名字,2026-05-06,14:00:00,-07:00,2026-05-06T14:00:00-07:00,0,26
main.js,788,js,da2e652e,你的名字,2026-05-06,14:00:00,-07:00,2026-05-06T14:00:00-07:00,0,0
main.js,789,js,da2e652e,你的名字,2026-05-06,14:00:00,-07:00,2026-05-06T14:00:00-07:00,0,25
main.js,790,js,da2e652e,你的名字,2026-05-06,14:00:00,-07:00,2026-05-06T14:00:00-07:00,0,7
main.js,791,js,da2e652e,你的名字,2026-05-06,14:00:00,-07:00,2026-05-06T14:00:00-07:00,0,34
main.js,792,js,da2e652e,你的名字,2026-05-06,14:00:00,-07:00,2026-05-06T14:00:00-07:00,0,0
main.js,793,js,da2e652e,你的名字,2026-05-06,14:00:00,-07:00,2026-05-06T14:00:00-07:00,0,16
main.js,794,js,da2e652e,你的名字,2026-05-06,14:00:00,-07:00,2026-05-06T14:00:00-07:00,0,0
main.js,795,js,da2e652e,你的名字,2026-05-06,14:00:00,-07:00,2026-05-06T14:00:00-07:00,0,14
main.js,796,js,da2e652e,你的名字,2026-05-06,14:00:00,-07:00,2026-05-06T14:00:00-07:00,0,32
main.js,797,js,da2e652e,你的名字,2026-05-06,14:00:00,-07:00,2026-05-06T14:00:00-07:00,0,0
main.js,798,js,da2e652e,你的名字,2026-05-06,14:00:00,-07:00,2026-05-06T14:00:00-07:00,0,30
main.js,799,js,da2e652e,你的名字,2026-05-06,14:00:00,-07:00,2026-05-06T14:00:00-07:00,0,37
main.js,800,js,da2e652e,你的名字,2026-05-06,14:00:00,-07:00,2026-05-06T14:00:00-07:00,0,0
main.js,801,js,da2e652e,你的名字,2026-05-06,14:00:00,-07:00,2026-05-06T14:00:00-07:00,0,28
main.js,802,js,21dfedfb,你的名字,2026-05-07,18:30:00,-07:00,2026-05-07T18:30:00-07:00,0,32
main.js,803,js,21dfedfb,你的名字,2026-05-07,18:30:00,-07:00,2026-05-07T18:30:00-07:00,0,0
main.js,804,js,00000000,Not Committed Yet,2026-05-22,20:58:01,-07:00,2026-05-22T20:58:01-07:00,0,25
main.js,805,js,21dfedfb,你的名字,2026-05-07,18:30:00,-07:00,2026-05-07T18:30:00-07:00,0,0
main.js,806,js,00000000,Not Committed Yet,2026-05-22,20:58:01,-07:00,2026-05-22T20:58:01-07:00,0,34
main.js,807,js,63eb8ec7,你的名字,2026-05-08,13:00:00,-07:00,2026-05-08T13:00:00-07:00,0,0
main.js,808,js,00000000,Not Committed Yet,2026-05-22,20:58:01,-07:00,2026-05-22T20:58:01-07:00,0,21
main.js,809,js,63eb8ec7,你的名字,2026-05-08,13:00:00,-07:00,2026-05-08T13:00:00-07:00,0,0
main.js,810,js,63eb8ec7,你的名字,2026-05-08,13:00:00,-07:00,2026-05-08T13:00:00-07:00,0,34
main.js,811,js,63eb8ec7,你的名字,2026-05-08,13:00:00,-07:00,2026-05-08T13:00:00-07:00,0,0
main.js,812,js,63eb8ec7,你的名字,2026-05-08,13:00:00,-07:00,2026-05-08T13:00:00-07:00,0,33
index.html,1,html,2c53d34,你的名字,2026-05-01,18:00:00,-07:00,2026-05-01T18:00:00-07:00,0,14
index.html,2,html,2c53d34,你的名字,2026-05-01,18:00:00,-07:00,2026-05-01T18:00:00-07:00,0,15
index.html,3,html,2c53d34,你的名字,2026-05-01,18:00:00,-07:00,2026-05-01T18:00:00-07:00,0,5
index.html,4,html,38072a6d,你的名字,2026-05-02,14:00:00,-07:00,2026-05-02T14:00:00-07:00,0,23
index.html,5,html,2c53d34,你的名字,2026-05-01,18:00:00,-07:00,2026-05-01T18:00:00-07:00,0,18
index.html,6,html,38072a6d,你的名字,2026-05-02,14:00:00,-07:00,2026-05-02T14:00:00-07:00,0,44
index.html,7,html,2c53d34,你的名字,2026-05-01,18:00:00,-07:00,2026-05-01T18:00:00-07:00,0,6
index.html,8,html,2c53d34,你的名字,2026-05-01,18:00:00,-07:00,2026-05-01T18:00:00-07:00,0,0
index.html,9,html,2c53d34,你的名字,2026-05-01,18:00:00,-07:00,2026-05-01T18:00:00-07:00,0,5
index.html,10,html,2c53d34,你的名字,2026-05-01,18:00:00,-07:00,2026-05-01T18:00:00-07:00,0,0
index.html,11,html,2c53d34,你的名字,2026-05-01,18:00:00,-07:00,2026-05-01T18:00:00-07:00,0,12
index.html,12,html,2c53d34,你的名字,2026-05-01,18:00:00,-07:00,2026-05-01T18:00:00-07:00,0,0
index.html,13,html,2c53d34,你的名字,2026-05-01,18:00:00,-07:00,2026-05-01T18:00:00-07:00,0,2
index.html,14,html,2c53d34,你的名字,2026-05-01,18:00:00,-07:00,2026-05-01T18:00:00-07:00,0,55
index.html,15,html,2c53d34,你的名字,2026-05-01,18:00:00,-07:00,2026-05-01T18:00:00-07:00,0,42
index.html,16,html,2c53d34,你的名字,2026-05-01,18:00:00,-07:00,2026-05-01T18:00:00-07:00,0,3
index.html,17,html,2c53d34,你的名字,2026-05-01,18:00:00,-07:00,2026-05-01T18:00:00-07:00,0,0
index.html,18,html,2c53d34,你的名字,2026-05-01,18:00:00,-07:00,2026-05-01T18:00:00-07:00,0,23
index.html,19,html,38072a6d,你的名字,2026-05-02,14:00:00,-07:00,2026-05-02T14:00:00-07:00,0,0
index.html,20,html,2c53d34,你的名字,2026-05-01,18:00:00,-07:00,2026-05-01T18:00:00-07:00,0,18
index.html,21,html,38072a6d,你的名字,2026-05-02,14:00:00,-07:00,2026-05-02T14:00:00-07:00,0,0
index.html,22,html,38072a6d,你的名字,2026-05-02,14:00:00,-07:00,2026-05-02T14:00:00-07:00,0,5
index.html,23,html,38072a6d,你的名字,2026-05-02,14:00:00,-07:00,2026-05-02T14:00:00-07:00,0,11
index.html,24,html,38072a6d,你的名字,2026-05-02,14:00:00,-07:00,2026-05-02T14:00:00-07:00,0,19
index.html,25,html,38072a6d,你的名字,2026-05-02,14:00:00,-07:00,2026-05-02T14:00:00-07:00,0,6
index.html,26,html,38072a6d,你的名字,2026-05-02,14:00:00,-07:00,2026-05-02T14:00:00-07:00,0,8
index.html,27,html,38072a6d,你的名字,2026-05-02,14:00:00,-07:00,2026-05-02T14:00:00-07:00,0,10
index.html,28,html,38072a6d,你的名字,2026-05-02,14:00:00,-07:00,2026-05-02T14:00:00-07:00,0,1
index.html,29,html,38072a6d,你的名字,2026-05-02,14:00:00,-07:00,2026-05-02T14:00:00-07:00,0,0
index.html,30,html,2c53d34,你的名字,2026-05-01,18:00:00,-07:00,2026-05-01T18:00:00-07:00,0,35
index.html,31,html,38072a6d,你的名字,2026-05-02,14:00:00,-07:00,2026-05-02T14:00:00-07:00,0,0
index.html,32,html,2c53d34,你的名字,2026-05-01,18:00:00,-07:00,2026-05-01T18:00:00-07:00,0,7
index.html,33,html,2c53d34,你的名字,2026-05-01,18:00:00,-07:00,2026-05-01T18:00:00-07:00,0,0
index.html,34,html,2c53d34,你的名字,2026-05-01,18:00:00,-07:00,2026-05-01T18:00:00-07:00,0,21
index.html,35,html,2c53d34,你的名字,2026-05-01,18:00:00,-07:00,2026-05-01T18:00:00-07:00,0,0
index.html,36,html,38072a6d,你的名字,2026-05-02,14:00:00,-07:00,2026-05-02T14:00:00-07:00,0,33
index.html,37,html,38072a6d,你的名字,2026-05-02,14:00:00,-07:00,2026-05-02T14:00:00-07:00,0,22
index.html,38,html,38072a6d,你的名字,2026-05-02,14:00:00,-07:00,2026-05-02T14:00:00-07:00,0,33
index.html,39,html,38072a6d,你的名字,2026-05-02,14:00:00,-07:00,2026-05-02T14:00:00-07:00,0,0
index.html,40,html,38072a6d,你的名字,2026-05-02,14:00:00,-07:00,2026-05-02T14:00:00-07:00,0,23
index.html,41,html,38072a6d,你的名字,2026-05-02,14:00:00,-07:00,2026-05-02T14:00:00-07:00,0,0
index.html,42,html,38072a6d,你的名字,2026-05-02,14:00:00,-07:00,2026-05-02T14:00:00-07:00,0,17
index.html,43,html,2c53d34,你的名字,2026-05-01,18:00:00,-07:00,2026-05-01T18:00:00-07:00,0,29
index.html,44,html,2c53d34,你的名字,2026-05-01,18:00:00,-07:00,2026-05-01T18:00:00-07:00,0,0
index.html,45,html,38072a6d,你的名字,2026-05-02,14:00:00,-07:00,2026-05-02T14:00:00-07:00,0,18
index.html,46,html,2c53d34,你的名字,2026-05-01,18:00:00,-07:00,2026-05-01T18:00:00-07:00,0,22
index.html,47,html,2c53d34,你的名字,2026-05-01,18:00:00,-07:00,2026-05-01T18:00:00-07:00,0,0
index.html,48,html,9f58fd43,你的名字,2026-05-03,19:30:00,-07:00,2026-05-03T19:30:00-07:00,0,38
index.html,49,html,2c53d34,你的名字,2026-05-01,18:00:00,-07:00,2026-05-01T18:00:00-07:00,0,0
index.html,50,html,2c53d34,你的名字,2026-05-01,18:00:00,-07:00,2026-05-01T18:00:00-07:00,0,21
index.html,51,html,2c53d34,你的名字,2026-05-01,18:00:00,-07:00,2026-05-01T18:00:00-07:00,0,0
index.html,52,html,2c53d34,你的名字,2026-05-01,18:00:00,-07:00,2026-05-01T18:00:00-07:00,0,23
index.html,53,html,2c53d34,你的名字,2026-05-01,18:00:00,-07:00,2026-05-01T18:00:00-07:00,0,18
index.html,54,html,2c53d34,你的名字,2026-05-01,18:00:00,-07:00,2026-05-01T18:00:00-07:00,0,3
index.html,55,html,2c53d34,你的名字,2026-05-01,18:00:00,-07:00,2026-05-01T18:00:00-07:00,0,0
index.html,56,html,38072a6d,你的名字,2026-05-02,14:00:00,-07:00,2026-05-02T14:00:00-07:00,0,2
index.html,57,html,38072a6d,你的名字,2026-05-02,14:00:00,-07:00,2026-05-02T14:00:00-07:00,0,22
index.html,58,html,38072a6d,你的名字,2026-05-02,14:00:00,-07:00,2026-05-02T14:00:00-07:00,0,12
index.html,59,html,38072a6d,你的名字,2026-05-02,14:00:00,-07:00,2026-05-02T14:00:00-07:00,0,5
index.html,60,html,2c53d34,你的名字,2026-05-01,18:00:00,-07:00,2026-05-01T18:00:00-07:00,0,0
index.html,61,html,2c53d34,你的名字,2026-05-01,18:00:00,-07:00,2026-05-01T18:00:00-07:00,0,5
index.html,62,html,2c53d34,你的名字,2026-05-01,18:00:00,-07:00,2026-05-01T18:00:00-07:00,0,0
index.html,63,html,38072a6d,你的名字,2026-05-02,14:00:00,-07:00,2026-05-02T14:00:00-07:00,0,9
index.html,64,html,2c53d34,你的名字,2026-05-01,18:00:00,-07:00,2026-05-01T18:00:00-07:00,0,0
index.html,65,html,38072a6d,你的名字,2026-05-02,14:00:00,-07:00,2026-05-02T14:00:00-07:00,0,33
index.html,66,html,38072a6d,你的名字,2026-05-02,14:00:00,-07:00,2026-05-02T14:00:00-07:00,0,26
index.html,67,html,38072a6d,你的名字,2026-05-02,14:00:00,-07:00,2026-05-02T14:00:00-07:00,0,33
index.html,68,html,2c53d34,你的名字,2026-05-01,18:00:00,-07:00,2026-05-01T18:00:00-07:00,0,0
index.html,69,html,38072a6d,你的名字,2026-05-02,14:00:00,-07:00,2026-05-02T14:00:00-07:00,0,23
index.html,70,html,2c53d34,你的名字,2026-05-01,18:00:00,-07:00,2026-05-01T18:00:00-07:00,0,0
index.html,71,html,38072a6d,你的名字,2026-05-02,14:00:00,-07:00,2026-05-02T14:00:00-07:00,0,12
index.html,72,html,38072a6d,你的名字,2026-05-02,14:00:00,-07:00,2026-05-02T14:00:00-07:00,0,23
index.html,73,html,2c53d34,你的名字,2026-05-01,18:00:00,-07:00,2026-05-01T18:00:00-07:00,0,0
index.html,74,html,38072a6d,你的名字,2026-05-02,14:00:00,-07:00,2026-05-02T14:00:00-07:00,0,26
index.html,75,html,2c53d34,你的名字,2026-05-01,18:00:00,-07:00,2026-05-01T18:00:00-07:00,0,0
index.html,76,html,38072a6d,你的名字,2026-05-02,14:00:00,-07:00,2026-05-02T14:00:00-07:00,0,19
index.html,77,html,38072a6d,你的名字,2026-05-02,14:00:00,-07:00,2026-05-02T14:00:00-07:00,0,0
index.html,78,html,38072a6d,你的名字,2026-05-02,14:00:00,-07:00,2026-05-02T14:00:00-07:00,0,5
index.html,79,html,38072a6d,你的名字,2026-05-02,14:00:00,-07:00,2026-05-02T14:00:00-07:00,0,0
index.html,80,html,38072a6d,你的名字,2026-05-02,14:00:00,-07:00,2026-05-02T14:00:00-07:00,0,13
index.html,81,html,38072a6d,你的名字,2026-05-02,14:00:00,-07:00,2026-05-02T14:00:00-07:00,0,27
index.html,82,html,38072a6d,你的名字,2026-05-02,14:00:00,-07:00,2026-05-02T14:00:00-07:00,0,0
index.html,83,html,38072a6d,你的名字,2026-05-02,14:00:00,-07:00,2026-05-02T14:00:00-07:00,0,9
index.html,84,html,38072a6d,你的名字,2026-05-02,14:00:00,-07:00,2026-05-02T14:00:00-07:00,0,0
index.html,85,html,38072a6d,你的名字,2026-05-02,14:00:00,-07:00,2026-05-02T14:00:00-07:00,0,33
index.html,86,html,38072a6d,你的名字,2026-05-02,14:00:00,-07:00,2026-05-02T14:00:00-07:00,0,15
index.html,87,html,38072a6d,你的名字,2026-05-02,14:00:00,-07:00,2026-05-02T14:00:00-07:00,0,33
index.html,88,html,38072a6d,你的名字,2026-05-02,14:00:00,-07:00,2026-05-02T14:00:00-07:00,0,0
index.html,89,html,38072a6d,你的名字,2026-05-02,14:00:00,-07:00,2026-05-02T14:00:00-07:00,0,2
index.html,90,html,38072a6d,你的名字,2026-05-02,14:00:00,-07:00,2026-05-02T14:00:00-07:00,0,18
index.html,91,html,38072a6d,你的名字,2026-05-02,14:00:00,-07:00,2026-05-02T14:00:00-07:00,0,19
index.html,92,html,38072a6d,你的名字,2026-05-02,14:00:00,-07:00,2026-05-02T14:00:00-07:00,0,5
index.html,93,html,38072a6d,你的名字,2026-05-02,14:00:00,-07:00,2026-05-02T14:00:00-07:00,0,0
index.html,94,html,2c53d34,你的名字,2026-05-01,18:00:00,-07:00,2026-05-01T18:00:00-07:00,0,0
index.html,95,html,2c53d34,你的名字,2026-05-01,18:00:00,-07:00,2026-05-01T18:00:00-07:00,0,14
index.html,96,html,38072a6d,你的名字,2026-05-02,14:00:00,-07:00,2026-05-02T14:00:00-07:00,0,0
index.html,97,html,2c53d34,你的名字,2026-05-01,18:00:00,-07:00,2026-05-01T18:00:00-07:00,0,3
index.html,98,html,38072a6d,你的名字,2026-05-02,14:00:00,-07:00,2026-05-02T14:00:00-07:00,0,1
index.html,99,html,38072a6d,你的名字,2026-05-02,14:00:00,-07:00,2026-05-02T14:00:00-07:00,0,6
index.html,100,html,38072a6d,你的名字,2026-05-02,14:00:00,-07:00,2026-05-02T14:00:00-07:00,0,15
index.html,101,html,38072a6d,你的名字,2026-05-02,14:00:00,-07:00,2026-05-02T14:00:00-07:00,0,14
index.html,102,html,38072a6d,你的名字,2026-05-02,14:00:00,-07:00,2026-05-02T14:00:00-07:00,0,4
index.html,103,html,2c53d34,你的名字,2026-05-01,18:00:00,-07:00,2026-05-01T18:00:00-07:00,0,4
index.html,104,html,2c53d34,你的名字,2026-05-01,18:00:00,-07:00,2026-05-01T18:00:00-07:00,0,0
index.html,105,html,2c53d34,你的名字,2026-05-01,18:00:00,-07:00,2026-05-01T18:00:00-07:00,0,12
index.html,106,html,2c53d34,你的名字,2026-05-01,18:00:00,-07:00,2026-05-01T18:00:00-07:00,0,25
index.html,107,html,2c53d34,你的名字,2026-05-01,18:00:00,-07:00,2026-05-01T18:00:00-07:00,0,0
index.html,108,html,2c53d34,你的名字,2026-05-01,18:00:00,-07:00,2026-05-01T18:00:00-07:00,0,12
index.html,109,html,2c53d34,你的名字,2026-05-01,18:00:00,-07:00,2026-05-01T18:00:00-07:00,0,25
index.html,110,html,2c53d34,你的名字,2026-05-01,18:00:00,-07:00,2026-05-01T18:00:00-07:00,0,0
index.html,111,html,2c53d34,你的名字,2026-05-01,18:00:00,-07:00,2026-05-01T18:00:00-07:00,0,14
index.html,112,html,2c53d34,你的名字,2026-05-01,18:00:00,-07:00,2026-05-01T18:00:00-07:00,0,27
index.html,113,html,2c53d34,你的名字,2026-05-01,18:00:00,-07:00,2026-05-01T18:00:00-07:00,0,0
index.html,114,html,2c53d34,你的名字,2026-05-01,18:00:00,-07:00,2026-05-01T18:00:00-07:00,0,13
index.html,115,html,2c53d34,你的名字,2026-05-01,18:00:00,-07:00,2026-05-01T18:00:00-07:00,0,26
index.html,116,html,2c53d34,你的名字,2026-05-01,18:00:00,-07:00,2026-05-01T18:00:00-07:00,0,0
index.html,117,html,2c53d34,你的名字,2026-05-01,18:00:00,-07:00,2026-05-01T18:00:00-07:00,0,4
index.html,118,html,2c53d34,你的名字,2026-05-01,18:00:00,-07:00,2026-05-01T18:00:00-07:00,0,0
index.html,119,html,38072a6d,你的名字,2026-05-02,14:00:00,-07:00,2026-05-02T14:00:00-07:00,0,6
index.html,120,html,38072a6d,你的名字,2026-05-02,14:00:00,-07:00,2026-05-02T14:00:00-07:00,0,17
index.html,121,html,38072a6d,你的名字,2026-05-02,14:00:00,-07:00,2026-05-02T14:00:00-07:00,0,12
index.html,122,html,38072a6d,你的名字,2026-05-02,14:00:00,-07:00,2026-05-02T14:00:00-07:00,0,9
index.html,123,html,2c53d34,你的名字,2026-05-01,18:00:00,-07:00,2026-05-01T18:00:00-07:00,0,0
index.html,124,html,38072a6d,你的名字,2026-05-02,14:00:00,-07:00,2026-05-02T14:00:00-07:00,0,6
index.html,125,html,38072a6d,你的名字,2026-05-02,14:00:00,-07:00,2026-05-02T14:00:00-07:00,0,12
index.html,126,html,38072a6d,你的名字,2026-05-02,14:00:00,-07:00,2026-05-02T14:00:00-07:00,0,12
index.html,127,html,38072a6d,你的名字,2026-05-02,14:00:00,-07:00,2026-05-02T14:00:00-07:00,0,9
index.html,128,html,2c53d34,你的名字,2026-05-01,18:00:00,-07:00,2026-05-01T18:00:00-07:00,0,0
index.html,129,html,2c53d34,你的名字,2026-05-01,18:00:00,-07:00,2026-05-01T18:00:00-07:00,0,6
index.html,130,html,38072a6d,你的名字,2026-05-02,14:00:00,-07:00,2026-05-02T14:00:00-07:00,0,6
